player_id,player_name,position,age,season,team,fantasy_points_ppr,fantasy_points_standard
00-0039793,A.J. Barner,TE,22,2024,SEA,76,46
00-0031609,A.J. Derby,TE,25,2016,DEN,29,13
00-0031609,A.J. Derby,TE,26,2017,DEN,50,31
00-0031609,A.J. Derby,TE,26,2017,MIA,4,2
00-0031609,A.J. Derby,TE,27,2018,MIA,14,11
00-0027713,Aaron Hernandez,TE,23,2012,NE,30,15
00-0027713,Aaron Hernandez,TE,23,2012,NE,124,73
00-0033896,Adam Shaheen,TE,23,2017,CHI,43,31
00-0033896,Adam Shaheen,TE,24,2018,CHI,16,11
00-0033896,Adam Shaheen,TE,25,2019,CHI,16,7
00-0033896,Adam Shaheen,TE,26,2020,MIA,45,33
00-0033896,Adam Shaheen,TE,27,2021,MIA,17,9
00-0036422,Adam Trautman,TE,23,2020,NO,38,23
00-0036422,Adam Trautman,TE,24,2021,NO,50,25
00-0036422,Adam Trautman,TE,25,2022,NO,45,27
00-0036422,Adam Trautman,TE,26,2023,DEN,58,36
00-0036422,Adam Trautman,TE,27,2024,DEN,44,31
00-0036423,Albert Okwuegbunam,TE,22,2020,DEN,29,18
00-0036423,Albert Okwuegbunam,TE,23,2021,DEN,62,36
00-0036423,Albert Okwuegbunam,TE,24,2022,DEN,26,16
00-0036423,Albert Okwuegbunam,TE,25,2023,PHI,0,0
00-0032864,Alex Ellis,TE,23,2016,JAX,4,1
00-0037292,Andrew Ogletree,TE,25,2023,IND,36,27
00-0037292,Andrew Ogletree,TE,26,2024,IND,24,15
00-0024268,Anthony Fasano,TE,28,2012,MIA,100,59
00-0024268,Anthony Fasano,TE,29,2013,KC,57,34
00-0024268,Anthony Fasano,TE,30,2014,KC,70,45
00-0024268,Anthony Fasano,TE,31,2015,TEN,63,37
00-0024268,Anthony Fasano,TE,32,2016,TEN,28,20
00-0024268,Anthony Fasano,TE,33,2017,MIA,25,13
00-0033455,Anthony Firkser,TE,23,2018,TEN,43,26
00-0033455,Anthony Firkser,TE,24,2019,TEN,9,8
00-0033455,Anthony Firkser,TE,24,2019,TEN,38,24
00-0033455,Anthony Firkser,TE,25,2020,TEN,84,45
00-0033455,Anthony Firkser,TE,26,2021,TEN,0,0
00-0033455,Anthony Firkser,TE,26,2021,TEN,68,34
00-0033455,Anthony Firkser,TE,27,2022,ATL,19,10
00-0033421,Antony Auclair,TE,24,2017,TB,4,2
00-0033421,Antony Auclair,TE,25,2018,TB,12,5
00-0033421,Antony Auclair,TE,26,2019,TB,2,1
00-0033421,Antony Auclair,TE,27,2020,TB,0,0
00-0033421,Antony Auclair,TE,28,2021,HOU,14,10
00-0037168,Armani Rogers,TE,25,2022,WAS,14,9
00-0032392,Austin Hooper,TE,22,2016,ATL,18,12
00-0032392,Austin Hooper,TE,22,2016,ATL,64,45
00-0032392,Austin Hooper,TE,23,2017,ATL,1,0
00-0032392,Austin Hooper,TE,23,2017,ATL,114,65
00-0032392,Austin Hooper,TE,24,2018,ATL,159,88
00-0032392,Austin Hooper,TE,25,2019,ATL,180,108
00-0032392,Austin Hooper,TE,26,2020,CLE,4,2
00-0032392,Austin Hooper,TE,26,2020,CLE,103,61
00-0032392,Austin Hooper,TE,27,2021,CLE,83,48
00-0032392,Austin Hooper,TE,28,2022,TEN,97,56
00-0032392,Austin Hooper,TE,29,2023,LV,48,23
00-0032392,Austin Hooper,TE,30,2024,NE,104,59
00-0031418,Austin Seferian-Jenkins,TE,22,2014,TB,48,27
00-0031418,Austin Seferian-Jenkins,TE,23,2015,TB,79,58
00-0031418,Austin Seferian-Jenkins,TE,24,2016,NYJ,19,9
00-0031418,Austin Seferian-Jenkins,TE,24,2016,TB,13,10
00-0031418,Austin Seferian-Jenkins,TE,25,2017,NYJ,93,48
00-0031418,Austin Seferian-Jenkins,TE,26,2018,JAX,24,13
00-0026931,Bear Pascoe,TE,26,2012,NYG,14,10
00-0026931,Bear Pascoe,TE,27,2013,NYG,20,8
00-0026931,Bear Pascoe,TE,28,2014,ATL,8,6
00-0032661,Ben Braunecker,TE,22,2016,CHI,6,2
00-0032661,Ben Braunecker,TE,24,2018,CHI,5,2
00-0032661,Ben Braunecker,TE,25,2019,CHI,18,12
00-0035823,Ben Ellefson,TE,24,2020,JAX,0,-1
00-0035823,Ben Ellefson,TE,25,2021,MIN,0,0
00-0035823,Ben Ellefson,TE,26,2022,MIN,6,3
00-0032139,Ben Koyack,TE,23,2016,JAX,41,22
00-0032139,Ben Koyack,TE,24,2017,JAX,3,2
00-0032139,Ben Koyack,TE,24,2017,JAX,9,4
00-0032139,Ben Koyack,TE,26,2019,JAX,2,1
00-0038809,Ben Sims,TE,23,2023,GB,1,0
00-0038809,Ben Sims,TE,23,2023,GB,12,8
00-0038809,Ben Sims,TE,24,2024,GB,8,4
00-0039912,Ben Sinnott,TE,22,2024,WAS,3,2
00-0039912,Ben Sinnott,TE,22,2024,WAS,14,9
00-0022943,Benjamin Watson,TE,32,2012,CLE,111,62
00-0022943,Benjamin Watson,TE,33,2013,NO,1,0
00-0022943,Benjamin Watson,TE,33,2013,NO,52,33
00-0022943,Benjamin Watson,TE,34,2014,NO,46,26
00-0022943,Benjamin Watson,TE,35,2015,NO,186,112
00-0022943,Benjamin Watson,TE,37,2017,BAL,124,68
00-0022943,Benjamin Watson,TE,38,2018,NO,2,1
00-0022943,Benjamin Watson,TE,38,2018,NO,85,50
00-0022943,Benjamin Watson,TE,39,2019,NE,30,16
00-0032062,Blake Bell,TE,24,2015,SF,34,19
00-0032062,Blake Bell,TE,25,2016,SF,12,8
00-0032062,Blake Bell,TE,26,2017,MIN,5,2
00-0032062,Blake Bell,TE,27,2018,JAX,15,7
00-0032062,Blake Bell,TE,28,2019,KC,11,8
00-0032062,Blake Bell,TE,28,2019,KC,15,7
00-0032062,Blake Bell,TE,29,2020,DAL,22,11
00-0032062,Blake Bell,TE,30,2021,KC,19,10
00-0032062,Blake Bell,TE,31,2022,KC,1,0
00-0032062,Blake Bell,TE,31,2022,KC,1,0
00-0032062,Blake Bell,TE,32,2023,KC,9,4
00-0033658,Blake Jarwin,TE,24,2018,DAL,4,2
00-0033658,Blake Jarwin,TE,24,2018,DAL,72,45
00-0033658,Blake Jarwin,TE,25,2019,DAL,86,54
00-0033658,Blake Jarwin,TE,26,2020,DAL,2,1
00-0033658,Blake Jarwin,TE,27,2021,DAL,29,19
00-0032515,Braedon Bowman,TE,22,2016,NYJ,0,0
00-0027135,Brandon Myers,TE,27,2012,LV,178,99
00-0027135,Brandon Myers,TE,28,2013,NYG,115,68
00-0027135,Brandon Myers,TE,29,2014,TB,39,17
00-0027135,Brandon Myers,TE,30,2015,TB,21,9
00-0027135,Brandon Myers,TE,31,2016,TB,19,12
00-0026996,Brandon Pettigrew,TE,27,2012,DET,122,63
00-0026996,Brandon Pettigrew,TE,28,2013,DET,90,49
00-0026996,Brandon Pettigrew,TE,29,2014,DET,2,1
00-0026996,Brandon Pettigrew,TE,29,2014,DET,17,7
00-0026996,Brandon Pettigrew,TE,30,2015,DET,18,11
00-0038643,Brayden Willis,TE,25,2024,SF,0,0
00-0025549,Brent Celek,TE,27,2012,PHI,118,61
00-0025549,Brent Celek,TE,28,2013,PHI,111,79
00-0025549,Brent Celek,TE,29,2014,PHI,65,33
00-0025549,Brent Celek,TE,30,2015,PHI,81,54
00-0025549,Brent Celek,TE,31,2016,PHI,28,14
00-0025549,Brent Celek,TE,32,2017,PHI,2,1
00-0025549,Brent Celek,TE,32,2017,PHI,32,19
00-0038935,Brenton Strange,TE,23,2023,JAX,14,9
00-0038935,Brenton Strange,TE,24,2024,JAX,90,50
00-0036556,Brevin Jordan,TE,21,2021,HOU,56,36
00-0036556,Brevin Jordan,TE,22,2022,HOU,23,9
00-0036556,Brevin Jordan,TE,23,2023,HOU,0,0
00-0036556,Brevin Jordan,TE,23,2023,HOU,33,23
00-0036556,Brevin Jordan,TE,24,2024,HOU,3,1
00-0039338,Brock Bowers,TE,22,2024,LV,253,141
00-0036754,Brock Wright,TE,23,2021,DET,21,11
00-0036754,Brock Wright,TE,24,2022,DET,64,46
00-0036754,Brock Wright,TE,25,2023,DET,4,3
00-0036754,Brock Wright,TE,25,2023,DET,28,15
00-0036754,Brock Wright,TE,26,2024,DET,33,20
00-0036424,Brycen Hopkins,TE,24,2021,LA,9,5
00-0036424,Brycen Hopkins,TE,24,2021,LA,2,1
00-0036424,Brycen Hopkins,TE,25,2022,LA,18,11
00-0036424,Brycen Hopkins,TE,26,2023,LA,13,8
00-0031302,C.J. Fiedorowicz,TE,23,2014,HOU,13,9
00-0031302,C.J. Fiedorowicz,TE,24,2015,HOU,35,18
00-0031302,C.J. Fiedorowicz,TE,25,2016,HOU,13,10
00-0031302,C.J. Fiedorowicz,TE,25,2016,HOU,130,76
00-0031302,C.J. Fiedorowicz,TE,26,2017,HOU,18,8
00-0032134,C.J. Uzomah,TE,22,2015,CIN,1,0
00-0032134,C.J. Uzomah,TE,23,2016,CIN,52,27
00-0032134,C.J. Uzomah,TE,24,2017,CIN,25,15
00-0032134,C.J. Uzomah,TE,25,2018,CIN,105,62
00-0032134,C.J. Uzomah,TE,26,2019,CIN,61,34
00-0032134,C.J. Uzomah,TE,27,2020,CIN,23,15
00-0032134,C.J. Uzomah,TE,28,2021,CIN,17,8
00-0032134,C.J. Uzomah,TE,28,2021,CIN,126,77
00-0032134,C.J. Uzomah,TE,29,2022,NYJ,56,35
00-0032134,C.J. Uzomah,TE,30,2023,NYJ,20,12
00-0038129,Cade Otton,TE,23,2022,TB,93,51
00-0038129,Cade Otton,TE,24,2023,TB,16,10
00-0038129,Cade Otton,TE,24,2023,TB,111,64
00-0038129,Cade Otton,TE,25,2024,TB,134,75
00-0039359,Cade Stover,TE,24,2024,HOU,33,19
00-0031273,Cameron Brate,TE,23,2014,TB,3,2
00-0031273,Cameron Brate,TE,24,2015,TB,61,42
00-0031273,Cameron Brate,TE,25,2016,TB,171,114
00-0031273,Cameron Brate,TE,26,2017,TB,139,91
00-0031273,Cameron Brate,TE,27,2018,TB,88,58
00-0031273,Cameron Brate,TE,28,2019,TB,89,53
00-0031273,Cameron Brate,TE,29,2020,TB,26,16
00-0031273,Cameron Brate,TE,29,2020,TB,66,38
00-0031273,Cameron Brate,TE,30,2021,TB,2,1
00-0031273,Cameron Brate,TE,30,2021,TB,74,46
00-0031273,Cameron Brate,TE,31,2022,TB,33,13
00-0033338,Cethan Carter,TE,24,2017,CIN,0,0
00-0033338,Cethan Carter,TE,26,2019,CIN,9,7
00-0033338,Cethan Carter,TE,27,2020,CIN,9,5
00-0033338,Cethan Carter,TE,28,2021,MIA,4,2
00-0028112,Charles Clay,TE,23,2012,MIA,49,31
00-0028112,Charles Clay,TE,24,2013,MIA,184,115
00-0028112,Charles Clay,TE,25,2014,MIA,136,78
00-0028112,Charles Clay,TE,26,2015,BUF,118,67
00-0028112,Charles Clay,TE,27,2016,BUF,136,79
00-0028112,Charles Clay,TE,28,2017,BUF,110,62
00-0028112,Charles Clay,TE,29,2018,BUF,34,13
00-0028112,Charles Clay,TE,30,2019,ARI,46,28
00-0038046,Charlie Kolar,TE,23,2022,BAL,9,5
00-0038046,Charlie Kolar,TE,24,2023,BAL,1,0
00-0038046,Charlie Kolar,TE,24,2023,BAL,22,15
00-0038046,Charlie Kolar,TE,25,2024,BAL,28,19
00-0036429,Charlie Woerner,TE,23,2020,SF,5,3
00-0036429,Charlie Woerner,TE,24,2021,SF,0,0
00-0036429,Charlie Woerner,TE,24,2021,SF,10,5
00-0036429,Charlie Woerner,TE,25,2022,SF,0,0
00-0036429,Charlie Woerner,TE,26,2023,SF,6,3
00-0036429,Charlie Woerner,TE,27,2024,ATL,10,3
00-0037809,Chigoziem Okonkwo,TE,23,2022,TEN,95,63
00-0037809,Chigoziem Okonkwo,TE,24,2023,TEN,111,57
00-0037809,Chigoziem Okonkwo,TE,25,2024,TEN,103,51
00-0022738,Chris Cooley,TE,30,2012,WAS,2,1
00-0030049,Chris Gragg,TE,23,2013,BUF,16,11
00-0030049,Chris Gragg,TE,24,2014,BUF,18,11
00-0030049,Chris Gragg,TE,25,2015,BUF,27,15
00-0031484,Chris Manhertz,TE,24,2016,CAR,2,1
00-0031484,Chris Manhertz,TE,25,2017,CAR,4,2
00-0031484,Chris Manhertz,TE,26,2018,CAR,11,9
00-0031484,Chris Manhertz,TE,27,2019,CAR,2,1
00-0031484,Chris Manhertz,TE,28,2020,CAR,11,5
00-0031484,Chris Manhertz,TE,29,2021,JAX,19,13
00-0031484,Chris Manhertz,TE,30,2022,JAX,10,4
00-0031484,Chris Manhertz,TE,31,2023,DEN,4,2
00-0031484,Chris Manhertz,TE,32,2024,NYG,12,9
00-0034766,Christopher Herndon,TE,22,2018,NYJ,109,70
00-0034766,Christopher Herndon,TE,23,2019,NYJ,2,1
00-0034766,Christopher Herndon,TE,24,2020,NYJ,72,41
00-0034766,Christopher Herndon,TE,25,2021,MIN,14,10
00-0027725,Clay Harbor,TE,25,2012,PHI,49,24
00-0027725,Clay Harbor,TE,26,2013,JAX,60,36
00-0027725,Clay Harbor,TE,27,2014,JAX,59,33
00-0027725,Clay Harbor,TE,28,2015,JAX,33,19
00-0027725,Clay Harbor,TE,29,2016,DET,5,2
00-0032256,Clive Walford,TE,24,2015,LV,72,46
00-0032256,Clive Walford,TE,25,2016,LV,87,54
00-0032256,Clive Walford,TE,26,2017,LV,17,8
00-0032256,Clive Walford,TE,28,2019,MIA,10,6
00-0029697,Coby Fleener,TE,24,2012,IND,66,40
00-0029697,Coby Fleener,TE,25,2013,IND,11,5
00-0029697,Coby Fleener,TE,25,2013,IND,131,79
00-0029697,Coby Fleener,TE,26,2014,IND,17,10
00-0029697,Coby Fleener,TE,26,2014,IND,170,119
00-0029697,Coby Fleener,TE,27,2015,IND,113,59
00-0029697,Coby Fleener,TE,28,2016,NO,131,81
00-0029697,Coby Fleener,TE,29,2017,NO,64,42
00-0036244,Colby Parkinson,TE,21,2020,SEA,4,2
00-0036244,Colby Parkinson,TE,22,2021,SEA,7,3
00-0036244,Colby Parkinson,TE,23,2022,SEA,69,44
00-0036244,Colby Parkinson,TE,24,2023,SEA,62,37
00-0036244,Colby Parkinson,TE,25,2024,LA,9,7
00-0036244,Colby Parkinson,TE,25,2024,LA,65,35
00-0033315,Cole Hikutini,TE,23,2017,SF,2,1
00-0036290,Cole Kmet,TE,21,2020,CHI,59,31
00-0036290,Cole Kmet,TE,22,2021,CHI,117,57
00-0036290,Cole Kmet,TE,23,2022,CHI,139,89
00-0036290,Cole Kmet,TE,24,2023,CHI,177,104
00-0036290,Cole Kmet,TE,25,2024,CHI,116,69
00-0037078,Cole Turner,TE,22,2022,WAS,4,2
00-0037078,Cole Turner,TE,23,2023,WAS,23,12
00-0032562,Cole Wick,TE,23,2016,DET,4,2
00-0032562,Cole Wick,TE,25,2018,SF,0,0
00-0033720,Colin Thompson,TE,27,2020,CAR,8,7
00-0033720,Colin Thompson,TE,28,2021,CAR,0,0
00-0037304,Connor Heyward,TE,23,2022,PIT,34,22
00-0037304,Connor Heyward,TE,24,2023,PIT,38,15
00-0037304,Connor Heyward,TE,25,2024,PIT,16,10
00-0026225,Craig Stevens,TE,28,2012,TEN,56,34
00-0026225,Craig Stevens,TE,29,2013,TEN,2,0
00-0026225,Craig Stevens,TE,30,2014,TEN,5,3
00-0026225,Craig Stevens,TE,31,2015,TEN,36,24
00-0030992,Crockett Gillmore,TE,23,2014,BAL,11,9
00-0030992,Crockett Gillmore,TE,23,2014,BAL,26,16
00-0030992,Crockett Gillmore,TE,24,2015,BAL,78,53
00-0030992,Crockett Gillmore,TE,25,2016,BAL,21,13
00-0028079,D.J. Williams,TE,24,2012,GB,8,4
00-0028079,D.J. Williams,TE,25,2013,NE,0,0
00-0022165,Dallas Clark,TE,33,2012,TB,104,58
00-0022165,Dallas Clark,TE,34,2013,BAL,79,48
00-0034351,Dallas Goedert,TE,23,2018,PHI,86,53
00-0034351,Dallas Goedert,TE,24,2019,PHI,137,79
00-0034351,Dallas Goedert,TE,25,2020,PHI,112,67
00-0034351,Dallas Goedert,TE,26,2021,PHI,138,91
00-0034351,Dallas Goedert,TE,27,2022,PHI,36,20
00-0034351,Dallas Goedert,TE,27,2022,PHI,130,78
00-0034351,Dallas Goedert,TE,28,2023,PHI,116,65
00-0034351,Dallas Goedert,TE,29,2024,PHI,5,3
00-0034351,Dallas Goedert,TE,29,2024,PHI,92,54
00-0036225,Dalton Keene,TE,21,2020,NE,3,1
00-0038933,Dalton Kincaid,TE,24,2023,BUF,10,4
00-0038933,Dalton Kincaid,TE,24,2023,BUF,145,72
00-0038933,Dalton Kincaid,TE,25,2024,BUF,5,2
00-0038933,Dalton Kincaid,TE,25,2024,BUF,101,57
00-0034383,Dalton Schultz,TE,22,2018,DAL,3,2
00-0034383,Dalton Schultz,TE,22,2018,DAL,24,12
00-0034383,Dalton Schultz,TE,23,2019,DAL,2,1
00-0034383,Dalton Schultz,TE,24,2020,DAL,142,78
00-0034383,Dalton Schultz,TE,25,2021,DAL,205,127
00-0034383,Dalton Schultz,TE,26,2022,DAL,14,9
00-0034383,Dalton Schultz,TE,26,2022,DAL,132,75
00-0034383,Dalton Schultz,TE,27,2023,HOU,9,4
00-0034383,Dalton Schultz,TE,27,2023,HOU,136,83
00-0034383,Dalton Schultz,TE,28,2024,HOU,10,6
00-0034383,Dalton Schultz,TE,28,2024,HOU,116,63
00-0034011,Dan Arnold,TE,23,2018,NO,0,0
00-0034011,Dan Arnold,TE,23,2018,NO,31,19
00-0034011,Dan Arnold,TE,24,2019,ARI,21,16
00-0034011,Dan Arnold,TE,25,2020,ARI,94,63
00-0034011,Dan Arnold,TE,26,2021,CAR,15,8
00-0034011,Dan Arnold,TE,26,2021,JAX,43,23
00-0034011,Dan Arnold,TE,26,2021,JAX,5,3
00-0034011,Dan Arnold,TE,27,2022,JAX,22,14
00-0038115,Daniel Bellinger,TE,22,2022,NYG,1,0
00-0038115,Daniel Bellinger,TE,22,2022,NYG,63,34
00-0038115,Daniel Bellinger,TE,23,2023,NYG,50,26
00-0038115,Daniel Bellinger,TE,24,2024,NYG,26,12
00-0032098,Daniel Brown,TE,23,2015,BAL,8,3
00-0032098,Daniel Brown,TE,24,2016,CHI,32,16
00-0032098,Daniel Brown,TE,25,2017,CHI,24,11
00-0032098,Daniel Brown,TE,27,2019,NYJ,18,11
00-0032098,Daniel Brown,TE,28,2020,NYJ,5,3
00-0032098,Daniel Brown,TE,29,2021,NYJ,5,3
00-0025542,Dante Rosario,TE,28,2012,LAC,32,22
00-0025542,Dante Rosario,TE,29,2013,CHI,2,1
00-0025542,Dante Rosario,TE,30,2014,CHI,25,9
00-0038558,Darnell Washington,TE,22,2023,PIT,13,6
00-0038558,Darnell Washington,TE,23,2024,PIT,43,24
00-0033258,Darrell Daniels,TE,23,2017,IND,4,1
00-0033258,Darrell Daniels,TE,24,2018,ARI,0,0
00-0033258,Darrell Daniels,TE,25,2019,ARI,1,0
00-0033258,Darrell Daniels,TE,26,2020,ARI,20,14
00-0033258,Darrell Daniels,TE,27,2021,ARI,1,0
00-0029738,Darren Fells,TE,28,2014,ARI,7,6
00-0029738,Darren Fells,TE,28,2014,ARI,12,7
00-0029738,Darren Fells,TE,29,2015,ARI,15,11
00-0029738,Darren Fells,TE,29,2015,ARI,70,49
00-0029738,Darren Fells,TE,30,2016,ARI,35,21
00-0029738,Darren Fells,TE,31,2017,DET,53,36
00-0029738,Darren Fells,TE,32,2018,CLE,41,30
00-0029738,Darren Fells,TE,33,2019,HOU,11,8
00-0029738,Darren Fells,TE,33,2019,HOU,110,76
00-0029738,Darren Fells,TE,34,2020,HOU,76,55
00-0029738,Darren Fells,TE,35,2021,DET,8,4
00-0031610,Darren Waller,TE,23,2015,BAL,4,2
00-0031610,Darren Waller,TE,24,2016,BAL,28,18
00-0031610,Darren Waller,TE,26,2018,LV,16,10
00-0031610,Darren Waller,TE,27,2019,LV,216,126
00-0031610,Darren Waller,TE,28,2020,LV,269,162
00-0031610,Darren Waller,TE,29,2021,LV,125,72
00-0031610,Darren Waller,TE,30,2022,LV,57,36
00-0031610,Darren Waller,TE,31,2023,NYG,86,45
00-0028179,David Ausberry,TE,25,2012,LV,16,9
00-0028179,David Ausberry,TE,27,2014,LV,1,-1
00-0026957,David Johnson,TE,26,2013,PIT,11,7
00-0026957,David Johnson,TE,27,2014,LAC,1,0
00-0026957,David Johnson,TE,29,2016,PIT,1,0
00-0032430,David Morgan,TE,23,2016,MIN,1,0
00-0032430,David Morgan,TE,24,2017,MIN,26,16
00-0032430,David Morgan,TE,25,2018,MIN,9,4
00-0033885,David Njoku,TE,21,2017,CLE,91,59
00-0033885,David Njoku,TE,22,2018,CLE,138,82
00-0033885,David Njoku,TE,23,2019,CLE,14,10
00-0033885,David Njoku,TE,24,2020,CLE,10,6
00-0033885,David Njoku,TE,24,2020,CLE,51,33
00-0033885,David Njoku,TE,25,2021,CLE,100,67
00-0033885,David Njoku,TE,26,2022,CLE,139,81
00-0033885,David Njoku,TE,27,2023,CLE,191,110
00-0033885,David Njoku,TE,28,2024,CLE,138,74
00-0039074,Davis Allen,TE,22,2023,LA,26,16
00-0039074,Davis Allen,TE,23,2024,LA,10,4
00-0035689,Dawson Knox,TE,23,2019,BUF,80,52
00-0035689,Dawson Knox,TE,24,2020,BUF,20,12
00-0035689,Dawson Knox,TE,24,2020,BUF,63,39
00-0035689,Dawson Knox,TE,25,2021,BUF,3,1
00-0035689,Dawson Knox,TE,25,2021,BUF,160,111
00-0035689,Dawson Knox,TE,26,2022,BUF,12,6
00-0035689,Dawson Knox,TE,26,2022,BUF,130,82
00-0035689,Dawson Knox,TE,27,2023,BUF,1,0
00-0035689,Dawson Knox,TE,27,2023,BUF,49,27
00-0035689,Dawson Knox,TE,28,2024,BUF,3,1
00-0035689,Dawson Knox,TE,28,2024,BUF,57,35
00-0024389,Delanie Walker,TE,28,2012,SF,14,8
00-0024389,Delanie Walker,TE,28,2012,SF,68,47
00-0024389,Delanie Walker,TE,29,2013,TEN,136,80
00-0024389,Delanie Walker,TE,30,2014,TEN,159,96
00-0024389,Delanie Walker,TE,31,2015,TEN,236,142
00-0024389,Delanie Walker,TE,32,2016,TEN,182,117
00-0024389,Delanie Walker,TE,33,2017,TEN,10,6
00-0024389,Delanie Walker,TE,33,2017,TEN,164,90
00-0024389,Delanie Walker,TE,34,2018,TEN,7,3
00-0024389,Delanie Walker,TE,35,2019,TEN,52,32
00-0030155,Demetrius Harris,TE,23,2014,KC,5,2
00-0030155,Demetrius Harris,TE,24,2015,KC,2,1
00-0030155,Demetrius Harris,TE,24,2015,KC,20,13
00-0030155,Demetrius Harris,TE,25,2016,KC,0,0
00-0030155,Demetrius Harris,TE,25,2016,KC,35,18
00-0030155,Demetrius Harris,TE,26,2017,KC,46,28
00-0030155,Demetrius Harris,TE,27,2018,KC,1,0
00-0030155,Demetrius Harris,TE,27,2018,KC,44,32
00-0030155,Demetrius Harris,TE,28,2019,CLE,48,33
00-0030155,Demetrius Harris,TE,29,2020,CHI,10,2
00-0030155,Demetrius Harris,TE,30,2021,ARI,2,-1
00-0027714,Dennis Pitta,TE,27,2012,BAL,38,26
00-0027714,Dennis Pitta,TE,27,2012,BAL,164,103
00-0027714,Dennis Pitta,TE,28,2013,BAL,20,8
00-0027714,Dennis Pitta,TE,29,2014,BAL,28,12
00-0027714,Dennis Pitta,TE,31,2016,BAL,160,74
00-0034319,Deon Yelder,TE,24,2019,KC,2,1
00-0034319,Deon Yelder,TE,24,2019,KC,8,5
00-0034319,Deon Yelder,TE,25,2020,KC,11,4
00-0029119,Derek Carrier,TE,24,2014,SF,18,9
00-0029119,Derek Carrier,TE,25,2015,WAS,35,18
00-0029119,Derek Carrier,TE,26,2016,WAS,3,1
00-0029119,Derek Carrier,TE,27,2017,LA,15,7
00-0029119,Derek Carrier,TE,28,2018,LV,18,11
00-0029119,Derek Carrier,TE,29,2019,LV,32,20
00-0029119,Derek Carrier,TE,30,2020,LV,2,1
00-0029119,Derek Carrier,TE,31,2021,LV,3,1
00-0036194,Devin Asiasi,TE,23,2020,NE,12,10
00-0036194,Devin Asiasi,TE,25,2022,CIN,2,0
00-0039754,Devin Culp,TE,24,2024,TB,14,9
00-0032055,Devin Funchess,TE,21,2015,CAR,18,13
00-0032055,Devin Funchess,TE,21,2015,CAR,103,72
00-0032055,Devin Funchess,TE,22,2016,CAR,82,59
00-0032055,Devin Funchess,TE,23,2017,CAR,187,124
00-0032055,Devin Funchess,TE,24,2018,CAR,113,69
00-0032055,Devin Funchess,TE,25,2019,IND,6,3
00-0030422,Dion Sims,TE,22,2013,MIA,15,9
00-0030422,Dion Sims,TE,23,2014,MIA,62,38
00-0030422,Dion Sims,TE,24,2015,MIA,34,16
00-0030422,Dion Sims,TE,25,2016,MIA,74,48
00-0030422,Dion Sims,TE,26,2017,CHI,37,22
00-0030422,Dion Sims,TE,27,2018,CHI,3,1
00-0036456,Dominique Dafney,TE,23,2020,GB,11,9
00-0036456,Dominique Dafney,TE,24,2021,GB,0,0
00-0036456,Dominique Dafney,TE,24,2021,GB,5,3
00-0035329,Donald Parham,TE,23,2020,LAC,44,34
00-0035329,Donald Parham,TE,24,2021,LAC,57,37
00-0035329,Donald Parham,TE,25,2022,LAC,21,15
00-0035329,Donald Parham,TE,26,2023,LAC,78,50
00-0035631,Drew Sample,TE,23,2019,CIN,8,3
00-0035631,Drew Sample,TE,24,2020,CIN,76,36
00-0035631,Drew Sample,TE,25,2021,CIN,1,0
00-0035631,Drew Sample,TE,25,2021,CIN,19,8
00-0035631,Drew Sample,TE,26,2022,CIN,2,0
00-0035631,Drew Sample,TE,27,2023,CIN,48,26
00-0035631,Drew Sample,TE,28,2024,CIN,36,16
00-0034798,Durham Smythe,TE,23,2018,MIA,9,3
00-0034798,Durham Smythe,TE,24,2019,MIA,12,4
00-0034798,Durham Smythe,TE,25,2020,MIA,59,33
00-0034798,Durham Smythe,TE,26,2021,MIA,68,34
00-0034798,Durham Smythe,TE,27,2022,MIA,40,25
00-0034798,Durham Smythe,TE,28,2023,MIA,72,37
00-0034798,Durham Smythe,TE,29,2024,MIA,14,5
00-0026170,Dustin Keller,TE,28,2012,NYJ,68,40
00-0029689,Dwayne Allen,TE,22,2012,IND,116,71
00-0029689,Dwayne Allen,TE,23,2013,IND,9,8
00-0029689,Dwayne Allen,TE,24,2014,IND,26,15
00-0029689,Dwayne Allen,TE,24,2014,IND,114,86
00-0029689,Dwayne Allen,TE,25,2015,IND,33,17
00-0029689,Dwayne Allen,TE,26,2016,IND,107,73
00-0029689,Dwayne Allen,TE,27,2017,NE,25,15
00-0029689,Dwayne Allen,TE,28,2018,NE,6,3
00-0027675,Ed Dickson,TE,25,2012,BAL,15,9
00-0027675,Ed Dickson,TE,25,2012,BAL,29,15
00-0027675,Ed Dickson,TE,26,2013,BAL,52,27
00-0027675,Ed Dickson,TE,27,2014,CAR,8,5
00-0027675,Ed Dickson,TE,27,2014,CAR,28,18
00-0027675,Ed Dickson,TE,28,2015,CAR,2,0
00-0027675,Ed Dickson,TE,28,2015,CAR,41,24
00-0027675,Ed Dickson,TE,29,2016,CAR,25,15
00-0027675,Ed Dickson,TE,30,2017,CAR,78,48
00-0027675,Ed Dickson,TE,31,2018,SEA,32,22
00-0039041,Elijah Higgins,TE,23,2023,ARI,35,22
00-0039041,Elijah Higgins,TE,24,2024,ARI,49,29
00-0031387,Eric Ebron,TE,21,2014,DET,5,2
00-0031387,Eric Ebron,TE,21,2014,DET,56,31
00-0031387,Eric Ebron,TE,22,2015,DET,129,82
00-0031387,Eric Ebron,TE,23,2016,DET,140,79
00-0031387,Eric Ebron,TE,24,2017,DET,129,76
00-0031387,Eric Ebron,TE,25,2018,IND,10,5
00-0031387,Eric Ebron,TE,25,2018,IND,217,151
00-0031387,Eric Ebron,TE,26,2019,IND,80,50
00-0031387,Eric Ebron,TE,27,2020,PIT,17,10
00-0031387,Eric Ebron,TE,27,2020,PIT,137,81
00-0031387,Eric Ebron,TE,28,2021,PIT,32,20
00-0033576,Eric Saubert,TE,24,2018,ATL,10,5
00-0033576,Eric Saubert,TE,25,2019,CHI,4,2
00-0033576,Eric Saubert,TE,26,2020,JAX,1,-1
00-0033576,Eric Saubert,TE,27,2021,DEN,17,9
00-0033576,Eric Saubert,TE,28,2022,DEN,34,19
00-0033576,Eric Saubert,TE,29,2023,HOU,3,1
00-0033576,Eric Saubert,TE,30,2024,SF,25,14
00-0031690,Eric Tomlinson,TE,25,2017,NYJ,24,16
00-0031690,Eric Tomlinson,TE,26,2018,NYJ,13,5
00-0031690,Eric Tomlinson,TE,30,2022,DEN,29,20
00-0031690,Eric Tomlinson,TE,32,2024,LAC,3,1
00-0039814,Erick All,TE,24,2024,CIN,36,16
00-0033881,Evan Engram,TE,23,2017,NYG,166,102
00-0033881,Evan Engram,TE,24,2018,NYG,124,79
00-0033881,Evan Engram,TE,25,2019,NYG,109,65
00-0033881,Evan Engram,TE,26,2020,NYG,128,65
00-0033881,Evan Engram,TE,27,2021,NYG,98,52
00-0033881,Evan Engram,TE,28,2022,JAX,8,3
00-0033881,Evan Engram,TE,28,2022,JAX,175,102
00-0033881,Evan Engram,TE,29,2023,JAX,222,108
00-0033881,Evan Engram,TE,30,2024,JAX,86,40
00-0034981,Foster Moreau,TE,22,2019,LV,66,45
00-0034981,Foster Moreau,TE,23,2020,LV,33,26
00-0034981,Foster Moreau,TE,24,2021,LV,81,51
00-0034981,Foster Moreau,TE,25,2022,LV,80,47
00-0034981,Foster Moreau,TE,26,2023,NO,42,23
00-0034981,Foster Moreau,TE,27,2024,NO,101,69
00-0026188,Fred Davis,TE,26,2012,WAS,53,29
00-0026188,Fred Davis,TE,27,2013,WAS,20,13
00-0027718,Garrett Graham,TE,26,2012,HOU,3,1
00-0027718,Garrett Graham,TE,26,2012,HOU,72,44
00-0027718,Garrett Graham,TE,27,2013,HOU,122,74
00-0027718,Garrett Graham,TE,28,2014,HOU,44,26
00-0027718,Garrett Graham,TE,29,2015,HOU,11,7
00-0033095,Garrett Griffin,TE,23,2017,NO,1,0
00-0033095,Garrett Griffin,TE,27,2021,NO,8,4
00-0026281,Gary Barnidge,TE,27,2012,CAR,20,14
00-0026281,Gary Barnidge,TE,28,2013,CLE,38,25
00-0026281,Gary Barnidge,TE,29,2014,CLE,27,14
00-0026281,Gary Barnidge,TE,30,2015,CLE,231,152
00-0026281,Gary Barnidge,TE,31,2016,CLE,126,71
00-0030544,Gavin Escobar,TE,22,2013,DAL,32,23
00-0030544,Gavin Escobar,TE,23,2014,DAL,0,0
00-0030544,Gavin Escobar,TE,23,2014,DAL,44,34
00-0030544,Gavin Escobar,TE,24,2015,DAL,17,9
00-0030544,Gavin Escobar,TE,25,2016,DAL,11,7
00-0032141,Geoff Swaim,TE,22,2015,DAL,1,0
00-0032141,Geoff Swaim,TE,23,2016,DAL,13,7
00-0032141,Geoff Swaim,TE,24,2017,DAL,4,2
00-0032141,Geoff Swaim,TE,25,2018,DAL,56,30
00-0032141,Geoff Swaim,TE,26,2019,JAX,20,6
00-0032141,Geoff Swaim,TE,27,2020,TEN,23,14
00-0032141,Geoff Swaim,TE,28,2021,TEN,70,39
00-0032141,Geoff Swaim,TE,29,2022,TEN,24,12
00-0032141,Geoff Swaim,TE,30,2023,ARI,19,9
00-0033288,George Kittle,TE,24,2017,SF,102,60
00-0033288,George Kittle,TE,25,2018,SF,251,163
00-0033288,George Kittle,TE,26,2019,SF,15,7
00-0033288,George Kittle,TE,26,2019,SF,196,117
00-0033288,George Kittle,TE,27,2020,SF,54,32
00-0033288,George Kittle,TE,28,2021,SF,19,13
00-0033288,George Kittle,TE,28,2021,SF,150,90
00-0033288,George Kittle,TE,29,2022,SF,21,13
00-0033288,George Kittle,TE,29,2022,SF,196,136
00-0033288,George Kittle,TE,30,2023,SF,25,17
00-0033288,George Kittle,TE,30,2023,SF,199,134
00-0033288,George Kittle,TE,31,2024,SF,177,116
00-0033895,Gerald Everett,TE,23,2017,LA,49,33
00-0033895,Gerald Everett,TE,24,2018,LA,7,5
00-0033895,Gerald Everett,TE,24,2018,LA,83,50
00-0033895,Gerald Everett,TE,25,2019,LA,86,49
00-0033895,Gerald Everett,TE,26,2020,LA,0,0
00-0033895,Gerald Everett,TE,26,2020,LA,90,49
00-0033895,Gerald Everett,TE,27,2021,SEA,108,62
00-0033895,Gerald Everett,TE,28,2022,LAC,134,76
00-0033895,Gerald Everett,TE,29,2023,LAC,109,58
00-0033895,Gerald Everett,TE,30,2024,CHI,12,4
00-0037086,Grant Calcaterra,TE,24,2022,PHI,13,8
00-0037086,Grant Calcaterra,TE,25,2023,PHI,8,4
00-0037086,Grant Calcaterra,TE,26,2024,PHI,60,36
00-0037252,Greg Dulcich,TE,22,2022,DEN,59,34
00-0037252,Greg Dulcich,TE,23,2023,DEN,4,2
00-0037252,Greg Dulcich,TE,24,2024,DEN,8,3
00-0025418,Greg Olsen,TE,27,2012,CAR,179,110
00-0025418,Greg Olsen,TE,28,2013,CAR,8,4
00-0025418,Greg Olsen,TE,28,2013,CAR,191,118
00-0025418,Greg Olsen,TE,29,2014,CAR,16,10
00-0025418,Greg Olsen,TE,29,2014,CAR,217,133
00-0025418,Greg Olsen,TE,30,2015,CAR,45,29
00-0025418,Greg Olsen,TE,30,2015,CAR,224,147
00-0025418,Greg Olsen,TE,31,2016,CAR,197,117
00-0025418,Greg Olsen,TE,32,2017,CAR,38,22
00-0025418,Greg Olsen,TE,33,2018,CAR,71,48
00-0025418,Greg Olsen,TE,34,2019,CAR,114,64
00-0025418,Greg Olsen,TE,35,2020,SEA,47,24
00-0032508,Hakeem Valles,TE,24,2016,ARI,0,0
00-0032508,Hakeem Valles,TE,26,2018,DET,3,1
00-0035025,Hale Hentges,TE,23,2019,WAS,24,16
00-0036232,Harrison Bryant,TE,22,2020,CLE,56,32
00-0036232,Harrison Bryant,TE,23,2021,CLE,58,37
00-0036232,Harrison Bryant,TE,24,2022,CLE,62,31
00-0036232,Harrison Bryant,TE,25,2023,CLE,35,22
00-0036232,Harrison Bryant,TE,26,2024,LV,11,4
00-0034830,Hayden Hurst,TE,25,2018,BAL,35,22
00-0034830,Hayden Hurst,TE,26,2019,BAL,15,11
00-0034830,Hayden Hurst,TE,26,2019,BAL,77,47
00-0034830,Hayden Hurst,TE,27,2020,ATL,145,89
00-0034830,Hayden Hurst,TE,28,2021,ATL,37,17
00-0034830,Hayden Hurst,TE,29,2022,CIN,25,16
00-0034830,Hayden Hurst,TE,29,2022,CIN,103,51
00-0034830,Hayden Hurst,TE,30,2023,CAR,38,20
00-0034830,Hayden Hurst,TE,31,2024,LAC,14,6
00-0023465,Heath Miller,TE,30,2012,PIT,195,124
00-0023465,Heath Miller,TE,31,2013,PIT,118,60
00-0023465,Heath Miller,TE,32,2014,PIT,11,5
00-0023465,Heath Miller,TE,32,2014,PIT,155,89
00-0023465,Heath Miller,TE,33,2015,PIT,2,0
00-0023465,Heath Miller,TE,33,2015,PIT,124,64
00-0036008,Hunter Bryant,TE,22,2020,DET,5,4
00-0033090,Hunter Henry,TE,22,2016,LAC,120,86
00-0033090,Hunter Henry,TE,23,2017,LAC,127,82
00-0033090,Hunter Henry,TE,25,2019,LAC,145,90
00-0033090,Hunter Henry,TE,26,2020,LAC,143,83
00-0033090,Hunter Henry,TE,27,2021,NE,160,110
00-0033090,Hunter Henry,TE,28,2022,NE,102,61
00-0033090,Hunter Henry,TE,29,2023,NE,116,74
00-0033090,Hunter Henry,TE,30,2024,NE,143,77
00-0037004,Hunter Long,TE,23,2021,MIA,0,-1
00-0037004,Hunter Long,TE,26,2024,LA,9,4
00-0034365,Ian Thomas,TE,22,2018,CAR,77,41
00-0034365,Ian Thomas,TE,23,2019,CAR,34,18
00-0034365,Ian Thomas,TE,24,2020,CAR,36,16
00-0034365,Ian Thomas,TE,25,2021,CAR,31,13
00-0034365,Ian Thomas,TE,26,2022,CAR,41,20
00-0034365,Ian Thomas,TE,27,2023,CAR,5,2
00-0034365,Ian Thomas,TE,28,2024,CAR,1,0
00-0034970,Irv Smith,TE,21,2019,MIN,7,4
00-0034970,Irv Smith,TE,21,2019,MIN,79,43
00-0034970,Irv Smith,TE,22,2020,MIN,96,66
00-0034970,Irv Smith,TE,24,2022,MIN,49,27
00-0034970,Irv Smith,TE,25,2023,CIN,30,12
00-0034970,Irv Smith,TE,26,2024,HOU,1,0
00-0035539,Isaac Nauta,TE,22,2019,DET,3,1
00-0035539,Isaac Nauta,TE,23,2020,DET,0,0
00-0037838,Isaiah Likely,TE,22,2022,BAL,89,53
00-0037838,Isaiah Likely,TE,23,2023,BAL,13,9
00-0037838,Isaiah Likely,TE,23,2023,BAL,101,71
00-0037838,Isaiah Likely,TE,24,2024,BAL,17,13
00-0037838,Isaiah Likely,TE,24,2024,BAL,123,81
00-0032986,J.P. Holtz,TE,26,2019,CHI,16,9
00-0032986,J.P. Holtz,TE,27,2020,CHI,-2,-2
00-0039356,Ja'Tavion Sanders,TE,21,2024,CAR,73,40
00-0031042,Jace Amaro,TE,22,2014,NYJ,82,44
00-0031042,Jace Amaro,TE,24,2016,TEN,9,6
00-0035671,Jace Sternberger,TE,23,2019,GB,10,8
00-0035671,Jace Sternberger,TE,23,2019,GB,0,0
00-0035671,Jace Sternberger,TE,24,2020,GB,29,17
00-0030181,Jack Doyle,TE,23,2013,IND,2,1
00-0030181,Jack Doyle,TE,23,2013,IND,7,2
00-0030181,Jack Doyle,TE,24,2014,IND,8,2
00-0030181,Jack Doyle,TE,24,2014,IND,42,24
00-0030181,Jack Doyle,TE,25,2015,IND,25,13
00-0030181,Jack Doyle,TE,26,2016,IND,140,81
00-0030181,Jack Doyle,TE,27,2017,IND,163,83
00-0030181,Jack Doyle,TE,28,2018,IND,58,32
00-0030181,Jack Doyle,TE,29,2019,IND,108,65
00-0030181,Jack Doyle,TE,30,2020,IND,63,40
00-0030181,Jack Doyle,TE,31,2021,IND,73,44
00-0036741,Jack Stoll,TE,23,2021,PHI,6,2
00-0036741,Jack Stoll,TE,24,2022,PHI,2,0
00-0036741,Jack Stoll,TE,24,2022,PHI,23,12
00-0036741,Jack Stoll,TE,25,2023,PHI,7,2
00-0036741,Jack Stoll,TE,26,2024,PHI,2,1
00-0033387,Jacob Hollister,TE,24,2017,NE,1,0
00-0033387,Jacob Hollister,TE,24,2017,NE,9,5
00-0033387,Jacob Hollister,TE,25,2018,NE,9,5
00-0033387,Jacob Hollister,TE,26,2019,SEA,10,5
00-0033387,Jacob Hollister,TE,26,2019,SEA,85,47
00-0033387,Jacob Hollister,TE,27,2020,SEA,62,37
00-0033387,Jacob Hollister,TE,28,2021,JAX,12,6
00-0026267,Jacob Tamme,TE,27,2012,DEN,7,4
00-0026267,Jacob Tamme,TE,27,2012,DEN,116,64
00-0026267,Jacob Tamme,TE,28,2013,DEN,13,9
00-0026267,Jacob Tamme,TE,28,2013,DEN,44,24
00-0026267,Jacob Tamme,TE,29,2014,DEN,30,17
00-0026267,Jacob Tamme,TE,30,2015,ATL,105,54
00-0026267,Jacob Tamme,TE,31,2016,ATL,59,37
00-0039420,Jaheim Bell,TE,23,2024,NE,4,2
00-0033564,Jake Butt,TE,23,2018,DEN,12,4
00-0033564,Jake Butt,TE,25,2020,DEN,2,0
00-0038041,Jake Ferguson,TE,23,2022,DAL,48,29
00-0038041,Jake Ferguson,TE,24,2023,DAL,175,104
00-0038041,Jake Ferguson,TE,25,2024,DAL,102,43
00-0037112,Jake Tonges,TE,23,2022,CHI,0,0
00-0037282,James Mitchell,TE,23,2022,DET,28,17
00-0037282,James Mitchell,TE,24,2023,DET,5,3
00-0031951,James O'Shaughnessy,TE,23,2015,KC,15,9
00-0031951,James O'Shaughnessy,TE,24,2016,KC,2,0
00-0031951,James O'Shaughnessy,TE,25,2017,JAX,4,2
00-0031951,James O'Shaughnessy,TE,25,2017,JAX,31,17
00-0031951,James O'Shaughnessy,TE,26,2018,JAX,41,17
00-0031951,James O'Shaughnessy,TE,27,2019,JAX,41,27
00-0031951,James O'Shaughnessy,TE,28,2020,JAX,52,24
00-0031951,James O'Shaughnessy,TE,29,2021,JAX,39,20
00-0027061,Jared Cook,TE,25,2012,TEN,111,67
00-0027061,Jared Cook,TE,26,2013,LA,139,88
00-0027061,Jared Cook,TE,27,2014,LA,125,73
00-0027061,Jared Cook,TE,28,2015,LA,80,41
00-0027061,Jared Cook,TE,29,2016,GB,43,30
00-0027061,Jared Cook,TE,29,2016,GB,71,41
00-0027061,Jared Cook,TE,30,2017,LV,132,78
00-0027061,Jared Cook,TE,31,2018,LV,186,118
00-0027061,Jared Cook,TE,32,2019,NO,166,122
00-0027061,Jared Cook,TE,33,2020,NO,3,-2
00-0027061,Jared Cook,TE,33,2020,NO,124,87
00-0027061,Jared Cook,TE,34,2021,LAC,108,64
00-0039824,Jared Wiley,TE,24,2024,KC,2,1
00-0022127,Jason Witten,TE,30,2012,DAL,226,116
00-0022127,Jason Witten,TE,31,2013,DAL,204,131
00-0022127,Jason Witten,TE,32,2014,DAL,24,13
00-0022127,Jason Witten,TE,32,2014,DAL,160,96
00-0022127,Jason Witten,TE,33,2015,DAL,153,76
00-0022127,Jason Witten,TE,34,2016,DAL,18,12
00-0022127,Jason Witten,TE,34,2016,DAL,149,80
00-0022127,Jason Witten,TE,35,2017,DAL,146,83
00-0022127,Jason Witten,TE,37,2019,DAL,137,74
00-0022127,Jason Witten,TE,38,2020,LV,32,19
00-0032227,Jeff Heuerman,TE,24,2016,DEN,23,14
00-0032227,Jeff Heuerman,TE,25,2017,DEN,31,22
00-0032227,Jeff Heuerman,TE,26,2018,DEN,67,36
00-0032227,Jeff Heuerman,TE,27,2019,DEN,29,15
00-0024369,Jeff King,TE,29,2012,ARI,26,9
00-0037755,Jelani Woods,TE,24,2022,IND,72,47
00-0032429,Jerell Adams,TE,24,2016,NYG,34,18
00-0032429,Jerell Adams,TE,25,2017,NYG,17,9
00-0037805,Jeremy Ruckert,TE,22,2022,NYJ,2,1
00-0037805,Jeremy Ruckert,TE,23,2023,NYJ,31,15
00-0037805,Jeremy Ruckert,TE,24,2024,NYJ,28,10
00-0033528,Jeremy Sprinkle,TE,23,2017,WAS,9,7
00-0033528,Jeremy Sprinkle,TE,24,2018,WAS,15,10
00-0033528,Jeremy Sprinkle,TE,25,2019,WAS,52,26
00-0033528,Jeremy Sprinkle,TE,26,2020,WAS,2,1
00-0033528,Jeremy Sprinkle,TE,27,2021,DAL,6,3
00-0027873,Jermaine Gresham,TE,24,2012,CIN,165,101
00-0027873,Jermaine Gresham,TE,25,2013,CIN,107,61
00-0027873,Jermaine Gresham,TE,26,2014,CIN,134,72
00-0027873,Jermaine Gresham,TE,27,2015,ARI,44,26
00-0027873,Jermaine Gresham,TE,28,2016,ARI,86,49
00-0027873,Jermaine Gresham,TE,29,2017,ARI,73,40
00-0027873,Jermaine Gresham,TE,30,2018,ARI,14,6
00-0026231,Jermichael Finley,TE,25,2012,GB,8,4
00-0026231,Jermichael Finley,TE,25,2012,GB,137,76
00-0026231,Jermichael Finley,TE,26,2013,GB,71,46
00-0032135,Jesse James,TE,21,2015,PIT,3,2
00-0032135,Jesse James,TE,21,2015,PIT,10,4
00-0032135,Jesse James,TE,22,2016,PIT,23,13
00-0032135,Jesse James,TE,22,2016,PIT,85,46
00-0032135,Jesse James,TE,23,2017,PIT,2,1
00-0032135,Jesse James,TE,23,2017,PIT,98,55
00-0032135,Jesse James,TE,24,2018,PIT,82,52
00-0032135,Jesse James,TE,25,2019,DET,30,14
00-0032135,Jesse James,TE,26,2020,DET,35,21
00-0032135,Jesse James,TE,27,2021,CHI,18,12
00-0027696,Jimmy Graham,TE,26,2012,NO,227,142
00-0027696,Jimmy Graham,TE,27,2013,NO,2,1
00-0027696,Jimmy Graham,TE,27,2013,NO,292,206
00-0027696,Jimmy Graham,TE,28,2014,NO,222,137
00-0027696,Jimmy Graham,TE,29,2015,SEA,118,70
00-0027696,Jimmy Graham,TE,30,2016,SEA,11,8
00-0027696,Jimmy Graham,TE,30,2016,SEA,185,120
00-0027696,Jimmy Graham,TE,31,2017,SEA,161,104
00-0027696,Jimmy Graham,TE,32,2018,GB,127,72
00-0027696,Jimmy Graham,TE,33,2019,GB,18,11
00-0027696,Jimmy Graham,TE,33,2019,GB,101,63
00-0027696,Jimmy Graham,TE,34,2020,CHI,133,85
00-0027696,Jimmy Graham,TE,35,2021,CHI,45,32
00-0027696,Jimmy Graham,TE,37,2023,NO,8,7
00-0023630,Joel Dreessen,TE,30,2012,DEN,11,5
00-0023630,Joel Dreessen,TE,30,2012,DEN,107,66
00-0023630,Joel Dreessen,TE,31,2013,DEN,18,11
00-0036628,John Bates,TE,24,2021,WAS,49,29
00-0036628,John Bates,TE,25,2022,WAS,31,17
00-0036628,John Bates,TE,26,2023,WAS,34,15
00-0036628,John Bates,TE,27,2024,WAS,6,3
00-0036628,John Bates,TE,27,2024,WAS,13,5
00-0026178,John Carlson,TE,28,2012,MIN,12,4
00-0026178,John Carlson,TE,29,2013,MIN,72,40
00-0026178,John Carlson,TE,30,2014,ARI,6,2
00-0026178,John Carlson,TE,30,2014,ARI,70,37
00-0037306,John FitzPatrick,TE,23,2023,ATL,2,1
00-0037306,John FitzPatrick,TE,24,2024,GB,1,0
00-0027139,John Phillips,TE,25,2012,DAL,20,12
00-0027139,John Phillips,TE,26,2013,LAC,7,3
00-0027139,John Phillips,TE,27,2014,LAC,7,6
00-0027139,John Phillips,TE,28,2015,LAC,23,13
00-0027139,John Phillips,TE,29,2016,DEN,15,10
00-0027139,John Phillips,TE,29,2016,NO,5,2
00-0027139,John Phillips,TE,31,2018,ARI,7,4
00-0033246,Johnny Mundt,TE,24,2018,LA,2,0
00-0033246,Johnny Mundt,TE,25,2019,LA,7,3
00-0033246,Johnny Mundt,TE,26,2020,LA,9,5
00-0033246,Johnny Mundt,TE,27,2021,LA,2,1
00-0033246,Johnny Mundt,TE,28,2022,MIN,39,20
00-0033246,Johnny Mundt,TE,29,2023,MIN,38,21
00-0033246,Johnny Mundt,TE,30,2024,MIN,45,26
00-0033858,Jonnu Smith,TE,22,2017,TEN,1,0
00-0033858,Jonnu Smith,TE,22,2017,TEN,44,26
00-0033858,Jonnu Smith,TE,23,2018,TEN,60,40
00-0033858,Jonnu Smith,TE,24,2019,TEN,16,11
00-0033858,Jonnu Smith,TE,24,2019,TEN,103,68
00-0033858,Jonnu Smith,TE,25,2020,TEN,136,95
00-0033858,Jonnu Smith,TE,26,2021,NE,63,35
00-0033858,Jonnu Smith,TE,27,2022,NE,50,23
00-0033858,Jonnu Smith,TE,28,2023,ATL,119,69
00-0033858,Jonnu Smith,TE,29,2024,MIA,221,133
00-0034364,Jordan Akins,TE,26,2018,HOU,40,22
00-0034364,Jordan Akins,TE,27,2019,HOU,84,48
00-0034364,Jordan Akins,TE,28,2020,HOU,84,47
00-0034364,Jordan Akins,TE,29,2021,HOU,36,13
00-0034364,Jordan Akins,TE,30,2022,HOU,79,53
00-0034364,Jordan Akins,TE,31,2023,CLE,28,13
00-0034364,Jordan Akins,TE,32,2024,CLE,89,49
00-0028040,Jordan Cameron,TE,24,2012,CLE,47,27
00-0028040,Jordan Cameron,TE,25,2013,CLE,204,124
00-0028040,Jordan Cameron,TE,26,2014,CLE,78,54
00-0028040,Jordan Cameron,TE,27,2015,MIA,84,49
00-0028040,Jordan Cameron,TE,28,2016,MIA,20,12
00-0033953,Jordan Leggett,TE,23,2018,NYJ,21,10
00-0031299,Jordan Matthews,TE,22,2014,PHI,200,133
00-0031299,Jordan Matthews,TE,23,2015,PHI,226,141
00-0031299,Jordan Matthews,TE,24,2016,PHI,171,98
00-0031299,Jordan Matthews,TE,25,2017,BUF,53,30
00-0031299,Jordan Matthews,TE,26,2018,PHI,11,10
00-0031299,Jordan Matthews,TE,26,2018,PHI,58,40
00-0031299,Jordan Matthews,TE,27,2019,PHI,5,1
00-0031299,Jordan Matthews,TE,32,2024,CAR,0,0
00-0030472,Jordan Reed,TE,23,2013,WAS,111,66
00-0030472,Jordan Reed,TE,24,2014,WAS,92,42
00-0030472,Jordan Reed,TE,25,2015,WAS,210,134
00-0030472,Jordan Reed,TE,26,2016,WAS,164,98
00-0030472,Jordan Reed,TE,27,2017,WAS,60,33
00-0030472,Jordan Reed,TE,28,2018,WAS,115,61
00-0030472,Jordan Reed,TE,30,2020,SF,70,45
00-0034420,Jordan Thomas,TE,22,2018,HOU,66,46
00-0034420,Jordan Thomas,TE,23,2019,HOU,2,1
00-0034420,Jordan Thomas,TE,23,2019,HOU,2,1
00-0034420,Jordan Thomas,TE,24,2020,ARI,7,6
00-0035547,Joseph Fortson,TE,26,2021,KC,22,17
00-0035547,Joseph Fortson,TE,27,2022,KC,0,0
00-0035547,Joseph Fortson,TE,27,2022,KC,32,23
00-0035547,Joseph Fortson,TE,29,2024,KC,-2,-2
00-0030216,Josh Hill,TE,23,2013,NO,3,2
00-0030216,Josh Hill,TE,23,2013,NO,16,10
00-0030216,Josh Hill,TE,24,2014,NO,62,48
00-0030216,Josh Hill,TE,25,2015,NO,40,24
00-0030216,Josh Hill,TE,26,2016,NO,36,21
00-0030216,Josh Hill,TE,27,2017,NO,8,5
00-0030216,Josh Hill,TE,27,2017,NO,26,10
00-0030216,Josh Hill,TE,28,2018,NO,7,3
00-0030216,Josh Hill,TE,28,2018,NO,40,24
00-0030216,Josh Hill,TE,29,2019,NO,66,41
00-0030216,Josh Hill,TE,30,2020,NO,1,0
00-0030216,Josh Hill,TE,30,2020,NO,19,11
00-0035249,Josh Oliver,TE,22,2019,JAX,2,0
00-0035249,Josh Oliver,TE,24,2021,BAL,14,6
00-0035249,Josh Oliver,TE,25,2022,BAL,41,27
00-0035249,Josh Oliver,TE,26,2023,MIN,52,30
00-0035249,Josh Oliver,TE,27,2024,MIN,62,41
00-0038589,Josh Whyle,TE,24,2023,TEN,22,13
00-0038589,Josh Whyle,TE,25,2024,TEN,39,18
00-0032599,Joshua Perkins,TE,23,2016,ATL,13,10
00-0032599,Joshua Perkins,TE,25,2018,PHI,10,5
00-0032599,Joshua Perkins,TE,26,2019,PHI,15,11
00-0036332,Josiah Deguara,TE,23,2020,GB,2,1
00-0036332,Josiah Deguara,TE,24,2021,GB,0,0
00-0036332,Josiah Deguara,TE,24,2021,GB,60,34
00-0036332,Josiah Deguara,TE,25,2022,GB,24,11
00-0036332,Josiah Deguara,TE,26,2023,GB,14,6
00-0036332,Josiah Deguara,TE,27,2024,JAX,3,1
00-0038720,Julian Hill,TE,23,2023,MIA,8,2
00-0038720,Julian Hill,TE,24,2024,MIA,22,10
00-0028067,Julius Thomas,TE,25,2013,DEN,32,14
00-0028067,Julius Thomas,TE,25,2013,DEN,214,149
00-0028067,Julius Thomas,TE,26,2014,DEN,11,5
00-0028067,Julius Thomas,TE,26,2014,DEN,160,117
00-0028067,Julius Thomas,TE,27,2015,JAX,116,70
00-0028067,Julius Thomas,TE,28,2016,JAX,82,52
00-0028067,Julius Thomas,TE,29,2017,MIA,94,53
00-0036040,Juwan Johnson,TE,24,2020,NO,3,1
00-0036040,Juwan Johnson,TE,25,2021,NO,42,31
00-0036040,Juwan Johnson,TE,26,2022,NO,131,89
00-0036040,Juwan Johnson,TE,27,2023,NO,90,53
00-0036040,Juwan Johnson,TE,28,2024,NO,121,71
00-0034988,Kaden Smith,TE,22,2019,NYG,76,45
00-0034988,Kaden Smith,TE,23,2020,NYG,28,11
00-0034988,Kaden Smith,TE,24,2021,NYG,6,3
00-0035660,Kahale Warring,TE,23,2020,HOU,6,4
00-0026298,Kellen Davis,TE,27,2012,CHI,49,30
00-0026298,Kellen Davis,TE,28,2013,SEA,12,9
00-0026298,Kellen Davis,TE,29,2014,DET,0,0
00-0026298,Kellen Davis,TE,30,2015,NYJ,11,8
00-0026298,Kellen Davis,TE,31,2016,NYJ,0,0
00-0022922,Kellen Winslow,TE,30,2013,NYJ,82,51
00-0035603,Kendall Blanton,TE,26,2021,LA,20,14
00-0035603,Kendall Blanton,TE,26,2021,LA,8,4
00-0036510,Kenny Yeboah,TE,23,2021,NYJ,0,0
00-0036510,Kenny Yeboah,TE,25,2023,NYJ,5,3
00-0036510,Kenny Yeboah,TE,26,2024,NYJ,14,10
00-0025540,Kevin Boss,TE,28,2012,KC,16,12
00-0037311,Ko Kieft,TE,24,2022,TB,21,14
00-0037311,Ko Kieft,TE,25,2023,TB,7,6
00-0036970,Kyle Pitts,TE,21,2021,ATL,167,99
00-0036970,Kyle Pitts,TE,22,2022,ATL,74,46
00-0036970,Kyle Pitts,TE,23,2023,ATL,133,80
00-0036970,Kyle Pitts,TE,24,2024,ATL,123,76
00-0027981,Kyle Rudolph,TE,23,2012,MIN,139,91
00-0027981,Kyle Rudolph,TE,24,2013,MIN,75,45
00-0027981,Kyle Rudolph,TE,25,2014,MIN,59,35
00-0027981,Kyle Rudolph,TE,26,2015,MIN,122,74
00-0027981,Kyle Rudolph,TE,27,2016,MIN,209,126
00-0027981,Kyle Rudolph,TE,28,2017,MIN,17,11
00-0027981,Kyle Rudolph,TE,28,2017,MIN,154,97
00-0027981,Kyle Rudolph,TE,29,2018,MIN,149,85
00-0027981,Kyle Rudolph,TE,30,2019,MIN,2,0
00-0027981,Kyle Rudolph,TE,30,2019,MIN,112,73
00-0027981,Kyle Rudolph,TE,31,2020,MIN,64,36
00-0027981,Kyle Rudolph,TE,32,2021,NYG,58,32
00-0027981,Kyle Rudolph,TE,33,2022,TB,12,9
00-0036876,Kylen Granson,TE,23,2021,IND,22,11
00-0036876,Kylen Granson,TE,24,2022,IND,55,24
00-0036876,Kylen Granson,TE,25,2023,IND,73,43
00-0036876,Kylen Granson,TE,26,2024,IND,28,14
00-0029275,Ladarius Green,TE,22,2012,LAC,10,6
00-0029275,Ladarius Green,TE,23,2013,LAC,3,1
00-0029275,Ladarius Green,TE,23,2013,LAC,73,56
00-0029275,Ladarius Green,TE,24,2014,LAC,42,23
00-0029275,Ladarius Green,TE,25,2015,LAC,104,67
00-0029275,Ladarius Green,TE,26,2016,PIT,46,31
00-0027985,Lance Kendricks,TE,24,2012,LA,114,72
00-0027985,Lance Kendricks,TE,25,2013,LA,78,46
00-0027985,Lance Kendricks,TE,26,2014,LA,81,54
00-0027985,Lance Kendricks,TE,27,2015,LA,58,32
00-0027985,Lance Kendricks,TE,28,2016,LA,101,51
00-0027985,Lance Kendricks,TE,29,2017,GB,36,18
00-0027985,Lance Kendricks,TE,30,2018,GB,42,23
00-0027985,Lance Kendricks,TE,31,2019,LAC,6,4
00-0028097,Lee Smith,TE,25,2012,BUF,17,13
00-0028097,Lee Smith,TE,26,2013,BUF,13,8
00-0028097,Lee Smith,TE,27,2014,BUF,17,10
00-0028097,Lee Smith,TE,28,2015,LV,25,13
00-0028097,Lee Smith,TE,29,2016,LV,9,3
00-0028097,Lee Smith,TE,30,2017,LV,16,8
00-0028097,Lee Smith,TE,31,2018,LV,35,25
00-0028097,Lee Smith,TE,32,2019,BUF,13,9
00-0028097,Lee Smith,TE,33,2020,BUF,20,16
00-0028097,Lee Smith,TE,34,2021,ATL,22,12
00-0030443,Levine Toilolo,TE,22,2013,ATL,28,18
00-0030443,Levine Toilolo,TE,23,2014,ATL,62,31
00-0030443,Levine Toilolo,TE,24,2015,ATL,11,4
00-0030443,Levine Toilolo,TE,25,2016,ATL,6,3
00-0030443,Levine Toilolo,TE,25,2016,ATL,51,38
00-0030443,Levine Toilolo,TE,26,2017,ATL,2,1
00-0030443,Levine Toilolo,TE,26,2017,ATL,30,18
00-0030443,Levine Toilolo,TE,27,2018,DET,53,32
00-0030443,Levine Toilolo,TE,28,2019,SF,3,1
00-0030443,Levine Toilolo,TE,29,2020,NYG,10,5
00-0031260,Logan Thomas,TE,23,2014,ARI,9,9
00-0031260,Logan Thomas,TE,26,2017,BUF,20,13
00-0031260,Logan Thomas,TE,27,2018,BUF,20,8
00-0031260,Logan Thomas,TE,28,2019,DET,37,21
00-0031260,Logan Thomas,TE,29,2020,WAS,169,97
00-0031260,Logan Thomas,TE,30,2021,WAS,46,32
00-0031260,Logan Thomas,TE,31,2022,WAS,73,34
00-0031260,Logan Thomas,TE,32,2023,WAS,119,64
00-0037539,Lucas Krull,TE,25,2023,DEN,3,1
00-0037539,Lucas Krull,TE,26,2024,DEN,34,15
00-0036887,Luke Farrell,TE,24,2021,JAX,11,4
00-0036887,Luke Farrell,TE,25,2022,JAX,8,4
00-0036887,Luke Farrell,TE,26,2023,JAX,28,16
00-0036887,Luke Farrell,TE,27,2024,JAX,17,5
00-0039144,Luke Musgrave,TE,23,2023,GB,73,40
00-0039144,Luke Musgrave,TE,24,2024,GB,5,0
00-0038547,Luke Schoonmaker,TE,25,2023,DAL,26,18
00-0038547,Luke Schoonmaker,TE,26,2024,DAL,57,30
00-0028042,Luke Stocker,TE,24,2012,TB,38,22
00-0028042,Luke Stocker,TE,26,2014,TB,11,4
00-0028042,Luke Stocker,TE,27,2015,TB,21,12
00-0028042,Luke Stocker,TE,28,2016,TB,7,2
00-0028042,Luke Stocker,TE,29,2017,TB,11,8
00-0028042,Luke Stocker,TE,29,2017,TEN,2,1
00-0028042,Luke Stocker,TE,30,2018,TEN,44,28
00-0028042,Luke Stocker,TE,31,2019,ATL,9,1
00-0028042,Luke Stocker,TE,32,2020,ATL,13,6
00-0028042,Luke Stocker,TE,33,2021,MIN,3,1
00-0030089,Luke Willson,TE,23,2013,SEA,4,2
00-0030089,Luke Willson,TE,23,2013,SEA,53,33
00-0030089,Luke Willson,TE,24,2014,SEA,20,14
00-0030089,Luke Willson,TE,24,2014,SEA,74,52
00-0030089,Luke Willson,TE,25,2015,SEA,7,3
00-0030089,Luke Willson,TE,25,2015,SEA,44,27
00-0030089,Luke Willson,TE,26,2016,SEA,-2,-2
00-0030089,Luke Willson,TE,26,2016,SEA,38,23
00-0030089,Luke Willson,TE,27,2017,SEA,52,37
00-0030089,Luke Willson,TE,28,2018,DET,18,5
00-0030089,Luke Willson,TE,29,2019,SEA,2,1
00-0030089,Luke Willson,TE,29,2019,SEA,11,5
00-0024243,Marcedes Lewis,TE,28,2012,JAX,110,63
00-0024243,Marcedes Lewis,TE,29,2013,JAX,76,51
00-0024243,Marcedes Lewis,TE,30,2014,JAX,49,31
00-0024243,Marcedes Lewis,TE,31,2015,JAX,33,17
00-0024243,Marcedes Lewis,TE,32,2016,JAX,43,23
00-0024243,Marcedes Lewis,TE,33,2017,JAX,7,6
00-0024243,Marcedes Lewis,TE,33,2017,JAX,84,60
00-0024243,Marcedes Lewis,TE,34,2018,GB,7,4
00-0024243,Marcedes Lewis,TE,35,2019,GB,3,1
00-0024243,Marcedes Lewis,TE,35,2019,GB,37,22
00-0024243,Marcedes Lewis,TE,36,2020,GB,6,3
00-0024243,Marcedes Lewis,TE,36,2020,GB,39,29
00-0024243,Marcedes Lewis,TE,37,2021,GB,-2,-3
00-0024243,Marcedes Lewis,TE,37,2021,GB,44,21
00-0024243,Marcedes Lewis,TE,38,2022,GB,25,19
00-0024243,Marcedes Lewis,TE,39,2023,CHI,13,9
00-0024243,Marcedes Lewis,TE,40,2024,CHI,1,0
00-0034753,Mark Andrews,TE,23,2018,BAL,107,73
00-0034753,Mark Andrews,TE,24,2019,BAL,6,2
00-0034753,Mark Andrews,TE,24,2019,BAL,173,115
00-0034753,Mark Andrews,TE,25,2020,BAL,5,1
00-0034753,Mark Andrews,TE,25,2020,BAL,155,102
00-0034753,Mark Andrews,TE,26,2021,BAL,279,172
00-0034753,Mark Andrews,TE,27,2022,BAL,182,110
00-0034753,Mark Andrews,TE,28,2023,BAL,135,90
00-0034753,Mark Andrews,TE,29,2024,BAL,8,3
00-0034753,Mark Andrews,TE,29,2024,BAL,187,132
00-0026201,Martellus Bennett,TE,25,2012,NYG,140,85
00-0026201,Martellus Bennett,TE,26,2013,CHI,166,101
00-0026201,Martellus Bennett,TE,27,2014,CHI,208,118
00-0026201,Martellus Bennett,TE,28,2015,CHI,109,56
00-0026201,Martellus Bennett,TE,29,2016,NE,21,10
00-0026201,Martellus Bennett,TE,29,2016,NE,168,113
00-0026201,Martellus Bennett,TE,30,2017,GB,45,21
00-0026201,Martellus Bennett,TE,30,2017,NE,4,2
00-0026201,Martellus Bennett,TE,30,2017,NE,7,4
00-0033798,Mason Schreck,TE,27,2020,CIN,0,0
00-0031558,Maxx Williams,TE,21,2015,BAL,55,28
00-0031558,Maxx Williams,TE,23,2017,BAL,21,9
00-0031558,Maxx Williams,TE,24,2018,BAL,37,21
00-0031558,Maxx Williams,TE,25,2019,ARI,39,24
00-0031558,Maxx Williams,TE,26,2020,ARI,15,8
00-0031558,Maxx Williams,TE,27,2021,ARI,41,25
00-0029694,Michael Egnew,TE,24,2013,MIA,14,7
00-0027732,Michael Hoomanawanui,TE,24,2012,NE,14,10
00-0027732,Michael Hoomanawanui,TE,25,2013,NE,7,4
00-0027732,Michael Hoomanawanui,TE,25,2013,NE,32,20
00-0027732,Michael Hoomanawanui,TE,26,2014,NE,11,5
00-0027732,Michael Hoomanawanui,TE,26,2014,NE,7,4
00-0027732,Michael Hoomanawanui,TE,27,2015,NO,34,23
00-0027732,Michael Hoomanawanui,TE,29,2017,NO,17,11
00-0039066,Michael Mayer,TE,22,2023,LV,67,40
00-0039066,Michael Mayer,TE,23,2024,LV,30,14
00-0033559,Michael Roberts,TE,23,2017,DET,9,5
00-0033559,Michael Roberts,TE,24,2018,DET,33,24
00-0034829,Mike Gesicki,TE,23,2018,MIA,37,15
00-0034829,Mike Gesicki,TE,24,2019,MIA,131,80
00-0034829,Mike Gesicki,TE,25,2020,MIA,153,100
00-0034829,Mike Gesicki,TE,26,2021,MIA,157,84
00-0034829,Mike Gesicki,TE,27,2022,MIA,94,62
00-0034829,Mike Gesicki,TE,28,2023,NE,61,32
00-0034829,Mike Gesicki,TE,29,2024,CIN,140,76
00-0033217,Mo Alie-Cox,TE,25,2018,IND,0,0
00-0033217,Mo Alie-Cox,TE,25,2018,IND,22,18
00-0033217,Mo Alie-Cox,TE,26,2019,IND,17,9
00-0033217,Mo Alie-Cox,TE,27,2020,IND,75,44
00-0033217,Mo Alie-Cox,TE,28,2021,IND,78,54
00-0033217,Mo Alie-Cox,TE,29,2022,IND,53,34
00-0033217,Mo Alie-Cox,TE,30,2023,IND,45,32
00-0033217,Mo Alie-Cox,TE,31,2024,IND,31,19
00-0031585,MyCole Pruitt,TE,23,2015,MIN,19,9
00-0031585,MyCole Pruitt,TE,24,2016,CHI,2,1
00-0031585,MyCole Pruitt,TE,24,2016,MIN,2,1
00-0031585,MyCole Pruitt,TE,26,2018,TEN,25,16
00-0031585,MyCole Pruitt,TE,27,2019,TEN,4,2
00-0031585,MyCole Pruitt,TE,27,2019,TEN,21,15
00-0031585,MyCole Pruitt,TE,28,2020,TEN,22,17
00-0031585,MyCole Pruitt,TE,29,2021,TEN,37,26
00-0031585,MyCole Pruitt,TE,30,2022,ATL,48,33
00-0031585,MyCole Pruitt,TE,31,2023,ATL,26,17
00-0031585,MyCole Pruitt,TE,32,2024,PIT,14,8
00-0030514,Mychal Rivera,TE,23,2013,LV,101,63
00-0030514,Mychal Rivera,TE,24,2014,LV,124,66
00-0030514,Mychal Rivera,TE,25,2015,LV,64,32
00-0030514,Mychal Rivera,TE,26,2016,LV,41,23
00-0038783,Nate Adkins,TE,24,2023,DEN,6,2
00-0038783,Nate Adkins,TE,25,2024,DEN,44,30
00-0032120,Neal Sterling,TE,24,2016,JAX,23,11
00-0032120,Neal Sterling,TE,25,2017,NYJ,12,7
00-0032120,Neal Sterling,TE,26,2018,NYJ,11,5
00-0031598,Nick Boyle,TE,22,2015,BAL,33,15
00-0031598,Nick Boyle,TE,23,2016,BAL,10,4
00-0031598,Nick Boyle,TE,24,2017,BAL,48,20
00-0031598,Nick Boyle,TE,25,2018,BAL,42,19
00-0031598,Nick Boyle,TE,26,2019,BAL,0,0
00-0031598,Nick Boyle,TE,26,2019,BAL,73,42
00-0031598,Nick Boyle,TE,27,2020,BAL,37,23
00-0031598,Nick Boyle,TE,28,2021,BAL,1,0
00-0030512,Nick Kasa,TE,23,2013,LV,6,5
00-0034192,Nick Keizer,TE,25,2020,KC,0,0
00-0034192,Nick Keizer,TE,25,2020,KC,9,3
00-0037317,Nick Muse,TE,25,2023,MIN,3,2
00-0032117,Nick O'Leary,TE,23,2015,BUF,5,4
00-0032117,Nick O'Leary,TE,24,2016,BUF,20,11
00-0032117,Nick O'Leary,TE,25,2017,BUF,63,41
00-0032117,Nick O'Leary,TE,26,2018,MIA,8,4
00-0032117,Nick O'Leary,TE,27,2019,JAX,13,9
00-0032117,Nick O'Leary,TE,27,2019,MIA,6,2
00-0032394,Nick Vannett,TE,23,2016,SEA,6,3
00-0032394,Nick Vannett,TE,24,2017,SEA,30,18
00-0032394,Nick Vannett,TE,25,2018,SEA,74,45
00-0032394,Nick Vannett,TE,26,2019,PIT,21,10
00-0032394,Nick Vannett,TE,26,2019,PIT,5,3
00-0032394,Nick Vannett,TE,26,2019,SEA,8,4
00-0032394,Nick Vannett,TE,27,2020,DEN,28,14
00-0032394,Nick Vannett,TE,28,2021,NO,23,16
00-0032394,Nick Vannett,TE,29,2022,NO,3,1
00-0032394,Nick Vannett,TE,29,2022,NYG,4,2
00-0032394,Nick Vannett,TE,30,2023,LAC,1,0
00-0032394,Nick Vannett,TE,31,2024,TEN,46,30
00-0028093,Niles Paul,TE,23,2012,WAS,29,21
00-0028093,Niles Paul,TE,24,2013,WAS,9,5
00-0028093,Niles Paul,TE,25,2014,WAS,89,50
00-0028093,Niles Paul,TE,27,2016,WAS,5,3
00-0028093,Niles Paul,TE,28,2017,WAS,23,10
00-0028093,Niles Paul,TE,29,2018,JAX,20,10
00-0035644,Noah Fant,TE,22,2019,DEN,104,64
00-0035644,Noah Fant,TE,23,2020,DEN,138,80
00-0035644,Noah Fant,TE,24,2021,DEN,148,85
00-0035644,Noah Fant,TE,25,2022,SEA,123,73
00-0035644,Noah Fant,TE,26,2023,SEA,71,39
00-0035644,Noah Fant,TE,27,2024,SEA,98,50
00-0036637,Noah Gray,TE,22,2021,KC,3,1
00-0036637,Noah Gray,TE,22,2021,KC,17,10
00-0036637,Noah Gray,TE,23,2022,KC,7,4
00-0036637,Noah Gray,TE,23,2022,KC,70,42
00-0036637,Noah Gray,TE,24,2023,KC,12,5
00-0036637,Noah Gray,TE,24,2023,KC,68,40
00-0036637,Noah Gray,TE,25,2024,KC,6,2
00-0036637,Noah Gray,TE,25,2024,KC,109,69
00-0036005,Noah Togiai,TE,23,2020,IND,0,0
00-0033879,O.J. Howard,TE,23,2017,TB,97,71
00-0033879,O.J. Howard,TE,24,2018,TB,112,78
00-0033879,O.J. Howard,TE,25,2019,TB,79,45
00-0033879,O.J. Howard,TE,26,2020,TB,38,27
00-0033879,O.J. Howard,TE,27,2021,TB,2,1
00-0033879,O.J. Howard,TE,27,2021,TB,34,20
00-0033879,O.J. Howard,TE,28,2022,HOU,34,24
00-0029414,Orson Charles,TE,21,2012,CIN,18,10
00-0029414,Orson Charles,TE,22,2013,CIN,2,1
00-0029414,Orson Charles,TE,26,2017,KC,4,4
00-0029414,Orson Charles,TE,27,2018,CLE,5,2
00-0024313,Owen Daniels,TE,30,2012,HOU,17,8
00-0024313,Owen Daniels,TE,30,2012,HOU,168,106
00-0024313,Owen Daniels,TE,31,2013,HOU,59,35
00-0024313,Owen Daniels,TE,32,2014,BAL,25,17
00-0024313,Owen Daniels,TE,32,2014,BAL,119,71
00-0024313,Owen Daniels,TE,33,2015,DEN,23,18
00-0024313,Owen Daniels,TE,33,2015,DEN,108,62
00-0036894,Pat Freiermuth,TE,23,2021,PIT,149,89
00-0036894,Pat Freiermuth,TE,24,2022,PIT,140,77
00-0036894,Pat Freiermuth,TE,25,2023,PIT,44,25
00-0036894,Pat Freiermuth,TE,26,2024,PIT,164,100
00-0039050,Payne Durham,TE,23,2023,TB,11,6
00-0039050,Payne Durham,TE,24,2024,TB,34,24
00-0037569,Peyton Hendershot,TE,23,2022,DAL,38,26
00-0037569,Peyton Hendershot,TE,24,2023,DAL,6,3
00-0037569,Peyton Hendershot,TE,25,2024,KC,2,1
00-0033439,Pharaoh Brown,TE,25,2019,CLE,5,3
00-0033439,Pharaoh Brown,TE,26,2020,HOU,42,28
00-0033439,Pharaoh Brown,TE,27,2021,HOU,35,12
00-0033439,Pharaoh Brown,TE,28,2022,CLE,5,2
00-0033439,Pharaoh Brown,TE,28,2022,HOU,14,7
00-0033439,Pharaoh Brown,TE,29,2023,NE,37,24
00-0033439,Pharaoh Brown,TE,30,2024,SEA,12,3
00-0021236,Randy McMichael,TE,33,2012,LAC,14,5
00-0029587,Rhett Ellison,TE,24,2012,MIN,14,6
00-0029587,Rhett Ellison,TE,25,2013,MIN,15,10
00-0029587,Rhett Ellison,TE,26,2014,MIN,46,27
00-0029587,Rhett Ellison,TE,27,2015,MIN,29,18
00-0029587,Rhett Ellison,TE,28,2016,MIN,21,12
00-0029587,Rhett Ellison,TE,29,2017,NYG,60,36
00-0029587,Rhett Ellison,TE,30,2018,NYG,58,33
00-0029587,Rhett Ellison,TE,31,2019,NYG,39,21
00-0031384,Richard Rodgers,TE,22,2014,GB,16,11
00-0031384,Richard Rodgers,TE,22,2014,GB,52,32
00-0031384,Richard Rodgers,TE,23,2015,GB,10,4
00-0031384,Richard Rodgers,TE,23,2015,GB,158,100
00-0031384,Richard Rodgers,TE,24,2016,GB,10,9
00-0031384,Richard Rodgers,TE,24,2016,GB,67,37
00-0031384,Richard Rodgers,TE,25,2017,GB,34,22
00-0031384,Richard Rodgers,TE,26,2018,PHI,2,1
00-0031384,Richard Rodgers,TE,28,2020,PHI,70,46
00-0031384,Richard Rodgers,TE,30,2022,LAC,1,0
00-0033611,Ricky Seals-Jones,TE,22,2017,ARI,48,36
00-0033611,Ricky Seals-Jones,TE,23,2018,ARI,68,34
00-0033611,Ricky Seals-Jones,TE,24,2019,CLE,58,44
00-0033611,Ricky Seals-Jones,TE,25,2020,KC,0,0
00-0033611,Ricky Seals-Jones,TE,26,2021,WAS,69,39
00-0033054,Rico Gathers,TE,24,2018,DAL,0,0
00-0033054,Rico Gathers,TE,24,2018,DAL,8,4
00-0027656,Rob Gronkowski,TE,23,2012,NE,0,0
00-0027656,Rob Gronkowski,TE,23,2012,NE,197,142
00-0027656,Rob Gronkowski,TE,24,2013,NE,114,75
00-0027656,Rob Gronkowski,TE,25,2014,NE,48,32
00-0027656,Rob Gronkowski,TE,25,2014,NE,260,178
00-0027656,Rob Gronkowski,TE,26,2015,NE,54,39
00-0027656,Rob Gronkowski,TE,26,2015,NE,254,182
00-0027656,Rob Gronkowski,TE,27,2016,NE,97,72
00-0027656,Rob Gronkowski,TE,28,2017,NE,56,40
00-0027656,Rob Gronkowski,TE,28,2017,NE,171,117
00-0027656,Rob Gronkowski,TE,29,2018,NE,30,17
00-0027656,Rob Gronkowski,TE,29,2018,NE,126,79
00-0027656,Rob Gronkowski,TE,31,2020,TB,31,23
00-0027656,Rob Gronkowski,TE,31,2020,TB,145,100
00-0027656,Rob Gronkowski,TE,32,2021,TB,10,6
00-0027656,Rob Gronkowski,TE,32,2021,TB,171,116
00-0033757,Robert Tonyan,TE,24,2018,GB,18,14
00-0033757,Robert Tonyan,TE,25,2019,GB,26,16
00-0033757,Robert Tonyan,TE,26,2020,GB,22,14
00-0033757,Robert Tonyan,TE,26,2020,GB,177,125
00-0033757,Robert Tonyan,TE,27,2021,GB,50,32
00-0033757,Robert Tonyan,TE,28,2022,GB,98,50
00-0033757,Robert Tonyan,TE,29,2023,CHI,22,11
00-0034073,Ross Dwelley,TE,23,2018,SF,3,1
00-0034073,Ross Dwelley,TE,24,2019,SF,34,19
00-0034073,Ross Dwelley,TE,25,2020,SF,50,30
00-0034073,Ross Dwelley,TE,26,2021,SF,15,11
00-0034073,Ross Dwelley,TE,27,2022,SF,20,16
00-0034073,Ross Dwelley,TE,28,2023,SF,2,1
00-0034073,Ross Dwelley,TE,29,2024,ATL,2,0
00-0030108,Ryan Griffin,TE,23,2013,HOU,4,2
00-0030108,Ryan Griffin,TE,24,2014,HOU,23,14
00-0030108,Ryan Griffin,TE,26,2016,HOU,-2,-2
00-0030108,Ryan Griffin,TE,26,2016,HOU,10,4
00-0030108,Ryan Griffin,TE,27,2017,HOU,35,22
00-0030108,Ryan Griffin,TE,29,2019,NYJ,96,62
00-0030108,Ryan Griffin,TE,30,2020,NYJ,18,9
00-0030108,Ryan Griffin,TE,31,2021,NYJ,61,34
00-0030108,Ryan Griffin,TE,32,2022,CHI,7,3
00-0034439,Ryan Izzo,TE,24,2019,NE,23,17
00-0034439,Ryan Izzo,TE,25,2020,NE,28,15
00-0039065,Sam LaPorta,TE,22,2023,DET,34,16
00-0039065,Sam LaPorta,TE,22,2023,DET,229,143
00-0039065,Sam LaPorta,TE,23,2024,DET,17,11
00-0039065,Sam LaPorta,TE,23,2024,DET,171,111
00-0025516,Scott Chandler,TE,27,2012,BUF,129,86
00-0025516,Scott Chandler,TE,28,2013,BUF,126,72
00-0025516,Scott Chandler,TE,29,2014,BUF,109,62
00-0025516,Scott Chandler,TE,30,2015,NE,73,50
00-0033696,Sean Culkin,TE,25,2018,LAC,3,2
00-0033696,Sean Culkin,TE,26,2019,LAC,2,1
00-0036032,Sean McKeon,TE,24,2021,DAL,13,9
00-0036032,Sean McKeon,TE,25,2022,DAL,1,0
00-0033080,Seth DeValve,TE,23,2016,CLE,35,25
00-0033080,Seth DeValve,TE,24,2017,CLE,68,34
00-0033080,Seth DeValve,TE,25,2018,CLE,16,11
00-0033080,Seth DeValve,TE,26,2019,JAX,26,14
00-0036534,Shane Zylstra,TE,26,2022,DET,34,24
00-0032725,Stephen Anderson,TE,23,2016,HOU,0,0
00-0032725,Stephen Anderson,TE,23,2016,HOU,26,15
00-0032725,Stephen Anderson,TE,24,2017,HOU,59,34
00-0032725,Stephen Anderson,TE,27,2020,LAC,19,11
00-0032725,Stephen Anderson,TE,28,2021,LAC,36,20
00-0032725,Stephen Anderson,TE,29,2022,ARI,4,1
00-0035039,Stephen Carlson,TE,23,2019,CLE,2,1
00-0035039,Stephen Carlson,TE,24,2020,CLE,2,1
00-0036438,Stephen Sullivan,TE,26,2022,CAR,5,3
00-0036438,Stephen Sullivan,TE,27,2023,CAR,24,12
00-0037475,Stone Smartt,TE,24,2022,LAC,4,1
00-0037475,Stone Smartt,TE,25,2023,LAC,29,19
00-0037475,Stone Smartt,TE,26,2024,LAC,34,18
00-0035229,T.J. Hockenson,TE,22,2019,DET,81,49
00-0035229,T.J. Hockenson,TE,23,2020,DET,164,97
00-0035229,T.J. Hockenson,TE,24,2021,DET,137,76
00-0035229,T.J. Hockenson,TE,25,2022,DET,78,52
00-0035229,T.J. Hockenson,TE,25,2022,MIN,124,64
00-0035229,T.J. Hockenson,TE,26,2023,MIN,216,121
00-0035229,T.J. Hockenson,TE,27,2024,MIN,79,41
00-0033357,Taysom Hill,TE,34,2024,NO,72,57
00-0037277,Teagan Quitoriano,TE,22,2022,HOU,17,13
00-0037277,Teagan Quitoriano,TE,23,2023,HOU,5,3
00-0039847,Theo Johnson,TE,23,2024,NYG,66,37
00-0039737,Tip Reiman,TE,23,2024,ARI,10,4
00-0020516,Todd Heap,TE,32,2012,ARI,17,9
00-0035308,Tommy Sweeney,TE,24,2019,BUF,19,11
00-0035308,Tommy Sweeney,TE,26,2021,BUF,17,8
00-0035308,Tommy Sweeney,TE,27,2022,BUF,2,1
00-0037005,Tommy Tremble,TE,21,2021,CAR,48,30
00-0037005,Tommy Tremble,TE,22,2022,CAR,52,33
00-0037005,Tommy Tremble,TE,23,2023,CAR,58,35
00-0037005,Tommy Tremble,TE,24,2024,CAR,53,30
00-0006101,Tony Gonzalez,TE,36,2012,ATL,37,23
00-0006101,Tony Gonzalez,TE,36,2012,ATL,228,135
00-0006101,Tony Gonzalez,TE,37,2013,ATL,213,130
00-0027695,Tony Moeaki,TE,25,2012,KC,76,43
00-0027695,Tony Moeaki,TE,27,2014,SEA,27,19
00-0027695,Tony Moeaki,TE,28,2015,ATL,15,12
00-0024276,Tony Scheffler,TE,29,2012,DET,88,46
00-0024276,Tony Scheffler,TE,30,2013,DET,15,8
00-0030506,Travis Kelce,TE,25,2014,KC,174,107
00-0030506,Travis Kelce,TE,26,2015,KC,8,2
00-0030506,Travis Kelce,TE,26,2015,KC,182,110
00-0030506,Travis Kelce,TE,27,2016,KC,13,8
00-0030506,Travis Kelce,TE,27,2016,KC,221,136
00-0030506,Travis Kelce,TE,28,2017,KC,228,144
00-0030506,Travis Kelce,TE,29,2018,KC,29,19
00-0030506,Travis Kelce,TE,29,2018,KC,288,185
00-0030506,Travis Kelce,TE,30,2019,KC,64,45
00-0030506,Travis Kelce,TE,30,2019,KC,253,156
00-0030506,Travis Kelce,TE,31,2020,KC,83,52
00-0030506,Travis Kelce,TE,31,2020,KC,304,199
00-0030506,Travis Kelce,TE,32,2021,KC,49,31
00-0030506,Travis Kelce,TE,32,2021,KC,252,160
00-0030506,Travis Kelce,TE,33,2022,KC,77,50
00-0030506,Travis Kelce,TE,33,2022,KC,307,197
00-0030506,Travis Kelce,TE,34,2023,KC,72,47
00-0030506,Travis Kelce,TE,34,2023,KC,214,121
00-0030506,Travis Kelce,TE,35,2024,KC,36,24
00-0030506,Travis Kelce,TE,35,2024,KC,186,89
00-0037011,Tre' McKitty,TE,22,2021,LAC,10,4
00-0037011,Tre' McKitty,TE,23,2022,LAC,17,7
00-0035259,Trevon Wesco,TE,24,2019,NYJ,7,5
00-0035259,Trevon Wesco,TE,25,2020,NYJ,2,0
00-0035259,Trevon Wesco,TE,26,2021,NYJ,6,4
00-0035259,Trevon Wesco,TE,27,2022,CHI,5,3
00-0035259,Trevon Wesco,TE,28,2023,TEN,3,2
00-0030710,Trey Burton,TE,23,2014,PHI,1,1
00-0030710,Trey Burton,TE,24,2015,PHI,8,5
00-0030710,Trey Burton,TE,25,2016,PHI,74,37
00-0030710,Trey Burton,TE,26,2017,PHI,8,7
00-0030710,Trey Burton,TE,26,2017,PHI,78,55
00-0030710,Trey Burton,TE,27,2018,CHI,140,86
00-0030710,Trey Burton,TE,28,2019,CHI,20,6
00-0030710,Trey Burton,TE,29,2020,IND,48,30
00-0037744,Trey McBride,TE,23,2022,ARI,62,32
00-0037744,Trey McBride,TE,24,2023,ARI,174,92
00-0037744,Trey McBride,TE,25,2024,ARI,242,131
00-0034393,Troy Fumagalli,TE,24,2019,DEN,16,10
00-0034393,Troy Fumagalli,TE,25,2020,DEN,10,8
00-0031044,Troy Niklas,TE,22,2014,ARI,7,4
00-0031044,Troy Niklas,TE,23,2015,ARI,19,15
00-0031044,Troy Niklas,TE,24,2016,ARI,1,0
00-0031044,Troy Niklas,TE,25,2017,ARI,30,19
00-0038996,Tucker Kraft,TE,23,2023,GB,8,5
00-0038996,Tucker Kraft,TE,23,2023,GB,78,48
00-0038996,Tucker Kraft,TE,24,2024,GB,158,108
00-0034270,Tyler Conklin,TE,23,2018,MIN,13,8
00-0034270,Tyler Conklin,TE,24,2019,MIN,2,0
00-0034270,Tyler Conklin,TE,24,2019,MIN,14,6
00-0034270,Tyler Conklin,TE,25,2020,MIN,44,25
00-0034270,Tyler Conklin,TE,26,2021,MIN,138,77
00-0034270,Tyler Conklin,TE,27,2022,NYJ,128,70
00-0034270,Tyler Conklin,TE,28,2023,NYJ,121,60
00-0034270,Tyler Conklin,TE,29,2024,NYJ,120,69
00-0036250,Tyler Davis,TE,23,2020,JAX,0,0
00-0036250,Tyler Davis,TE,24,2021,GB,8,4
00-0036250,Tyler Davis,TE,25,2022,GB,5,1
00-0030549,Tyler Eifert,TE,23,2013,CIN,90,50
00-0030549,Tyler Eifert,TE,24,2014,CIN,7,4
00-0030549,Tyler Eifert,TE,25,2015,CIN,192,140
00-0030549,Tyler Eifert,TE,26,2016,CIN,94,65
00-0030549,Tyler Eifert,TE,27,2017,CIN,9,5
00-0030549,Tyler Eifert,TE,28,2018,CIN,37,22
00-0030549,Tyler Eifert,TE,29,2019,CIN,103,60
00-0030549,Tyler Eifert,TE,30,2020,JAX,75,39
00-0033110,Tyler Higbee,TE,23,2016,LA,22,10
00-0033110,Tyler Higbee,TE,24,2017,LA,2,1
00-0033110,Tyler Higbee,TE,24,2017,LA,58,34
00-0033110,Tyler Higbee,TE,25,2018,LA,18,12
00-0033110,Tyler Higbee,TE,25,2018,LA,65,41
00-0033110,Tyler Higbee,TE,26,2019,LA,158,89
00-0033110,Tyler Higbee,TE,27,2020,LA,2,0
00-0033110,Tyler Higbee,TE,27,2020,LA,123,81
00-0033110,Tyler Higbee,TE,28,2021,LA,13,7
00-0033110,Tyler Higbee,TE,28,2021,LA,134,78
00-0033110,Tyler Higbee,TE,29,2022,LA,146,74
00-0033110,Tyler Higbee,TE,30,2023,LA,108,62
00-0033110,Tyler Higbee,TE,31,2024,LA,18,11
00-0033110,Tyler Higbee,TE,31,2024,LA,18,12
00-0032214,Tyler Kroft,TE,23,2015,CIN,30,19
00-0032214,Tyler Kroft,TE,24,2016,CIN,11,4
00-0032214,Tyler Kroft,TE,25,2017,CIN,124,82
00-0032214,Tyler Kroft,TE,26,2018,CIN,6,2
00-0032214,Tyler Kroft,TE,27,2019,BUF,19,13
00-0032214,Tyler Kroft,TE,28,2020,BUF,40,28
00-0032214,Tyler Kroft,TE,29,2021,NYJ,32,19
00-0032214,Tyler Kroft,TE,30,2022,SF,10,6
00-0033742,Tyrone Swoopes,TE,25,2019,SEA,2,0
00-0030470,Vance McDonald,TE,23,2013,SF,2,1
00-0030470,Vance McDonald,TE,23,2013,SF,20,12
00-0030470,Vance McDonald,TE,24,2014,SF,2,0
00-0030470,Vance McDonald,TE,25,2015,SF,75,45
00-0030470,Vance McDonald,TE,26,2016,SF,85,61
00-0030470,Vance McDonald,TE,27,2017,PIT,19,9
00-0030470,Vance McDonald,TE,27,2017,PIT,37,23
00-0030470,Vance McDonald,TE,28,2018,PIT,130,80
00-0030470,Vance McDonald,TE,29,2019,PIT,80,42
00-0030470,Vance McDonald,TE,30,2020,PIT,25,10
00-0024221,Vernon Davis,TE,28,2012,SF,41,29
00-0024221,Vernon Davis,TE,28,2012,SF,126,85
00-0024221,Vernon Davis,TE,29,2013,SF,11,8
00-0024221,Vernon Davis,TE,29,2013,SF,208,156
00-0024221,Vernon Davis,TE,30,2014,SF,61,35
00-0024221,Vernon Davis,TE,31,2015,DEN,0,0
00-0024221,Vernon Davis,TE,31,2015,DEN,38,18
00-0024221,Vernon Davis,TE,31,2015,DEN,0,0
00-0024221,Vernon Davis,TE,31,2015,SF,33,15
00-0024221,Vernon Davis,TE,32,2016,WAS,110,66
00-0024221,Vernon Davis,TE,33,2017,WAS,103,66
00-0024221,Vernon Davis,TE,34,2018,WAS,72,47
00-0024221,Vernon Davis,TE,35,2019,WAS,24,14
00-0032188,Vince Mayle,TE,26,2017,BAL,0,0
00-0028142,Virgil Green,TE,24,2012,DEN,11,6
00-0028142,Virgil Green,TE,25,2013,DEN,2,1
00-0028142,Virgil Green,TE,25,2013,DEN,10,3
00-0028142,Virgil Green,TE,26,2014,DEN,1,0
00-0028142,Virgil Green,TE,26,2014,DEN,20,14
00-0028142,Virgil Green,TE,27,2015,DEN,3,1
00-0028142,Virgil Green,TE,27,2015,DEN,35,23
00-0028142,Virgil Green,TE,28,2016,DEN,52,30
00-0028142,Virgil Green,TE,29,2017,DEN,37,23
00-0028142,Virgil Green,TE,30,2018,LAC,7,6
00-0028142,Virgil Green,TE,30,2018,LAC,46,27
00-0028142,Virgil Green,TE,31,2019,LAC,23,14
00-0028142,Virgil Green,TE,32,2020,LAC,14,11
00-0022054,Visanthe Shiancoe,TE,32,2012,NE,-2,-2
00-0034159,Will Dissly,TE,22,2018,SEA,36,28
00-0034159,Will Dissly,TE,23,2019,SEA,74,51
00-0034159,Will Dissly,TE,24,2020,SEA,59,35
00-0034159,Will Dissly,TE,25,2021,SEA,48,28
00-0034159,Will Dissly,TE,26,2022,SEA,87,53
00-0034159,Will Dissly,TE,27,2023,SEA,40,23
00-0034159,Will Dissly,TE,28,2024,LAC,110,60
00-0038394,Will Mallory,TE,24,2023,IND,39,21
00-0038394,Will Mallory,TE,25,2024,IND,5,1
00-0036640,Zach Davidson,TE,26,2024,BUF,0,0
00-0030061,Zach Ertz,TE,23,2013,PHI,107,71
00-0030061,Zach Ertz,TE,24,2014,PHI,137,79
00-0030061,Zach Ertz,TE,25,2015,PHI,161,86
00-0030061,Zach Ertz,TE,26,2016,PHI,176,98
00-0030061,Zach Ertz,TE,27,2017,PHI,43,25
00-0030061,Zach Ertz,TE,27,2017,PHI,180,112
00-0030061,Zach Ertz,TE,28,2018,PHI,8,3
00-0030061,Zach Ertz,TE,28,2018,PHI,270,154
00-0030061,Zach Ertz,TE,29,2019,PHI,211,123
00-0030061,Zach Ertz,TE,30,2020,PHI,64,30
00-0030061,Zach Ertz,TE,31,2021,ARI,14,11
00-0030061,Zach Ertz,TE,31,2021,ARI,112,59
00-0030061,Zach Ertz,TE,31,2021,PHI,47,29
00-0030061,Zach Ertz,TE,32,2022,ARI,110,63
00-0030061,Zach Ertz,TE,33,2023,ARI,48,21
00-0030061,Zach Ertz,TE,34,2024,WAS,35,19
00-0030061,Zach Ertz,TE,34,2024,WAS,169,103
00-0035222,Zach Gentry,TE,23,2019,PIT,1,0
00-0035222,Zach Gentry,TE,25,2021,PIT,36,17
00-0035222,Zach Gentry,TE,26,2022,PIT,32,13
00-0025425,Zach Miller,TE,27,2012,SEA,28,20
00-0025425,Zach Miller,TE,27,2012,SEA,93,55
00-0025425,Zach Miller,TE,28,2013,SEA,10,5
00-0025425,Zach Miller,TE,28,2013,SEA,100,67
00-0025425,Zach Miller,TE,29,2014,SEA,14,8
00-0027125,Zach Miller,TE,31,2015,CHI,108,74
00-0027125,Zach Miller,TE,32,2016,CHI,118,71
00-0027125,Zach Miller,TE,33,2017,CHI,52,32
00-0035676,A.J. Brown,WR,22,2019,TEN,11,7
00-0035676,A.J. Brown,WR,22,2019,TEN,213,161
00-0035676,A.J. Brown,WR,23,2020,TEN,242,172
00-0035676,A.J. Brown,WR,24,2021,TEN,25,20
00-0035676,A.J. Brown,WR,24,2021,TEN,139,89
00-0035676,A.J. Brown,WR,25,2022,PHI,34,21
00-0035676,A.J. Brown,WR,25,2022,PHI,292,204
00-0035676,A.J. Brown,WR,26,2023,PHI,280,174
00-0035676,A.J. Brown,WR,27,2024,PHI,36,25
00-0035676,A.J. Brown,WR,27,2024,PHI,213,146
00-0027942,A.J. Green,WR,24,2012,CIN,287,190
00-0027942,A.J. Green,WR,25,2013,CIN,283,185
00-0027942,A.J. Green,WR,26,2014,CIN,191,122
00-0027942,A.J. Green,WR,27,2015,CIN,267,181
00-0027942,A.J. Green,WR,28,2016,CIN,186,120
00-0027942,A.J. Green,WR,29,2017,CIN,211,136
00-0027942,A.J. Green,WR,30,2018,CIN,144,98
00-0027942,A.J. Green,WR,32,2020,CIN,105,58
00-0027942,A.J. Green,WR,33,2021,ARI,140,91
00-0027942,A.J. Green,WR,34,2022,ARI,54,30
00-0029654,A.J. Jenkins,WR,22,2012,SF,0,0
00-0029654,A.J. Jenkins,WR,23,2013,KC,22,14
00-0029654,A.J. Jenkins,WR,24,2014,KC,18,9
00-0038612,A.T. Perry,WR,24,2023,NO,61,49
00-0032441,Aaron Burbridge,WR,23,2016,SF,16,9
00-0030540,Aaron Dobson,WR,22,2013,NE,5,3
00-0030540,Aaron Dobson,WR,22,2013,NE,111,74
00-0030540,Aaron Dobson,WR,23,2014,NE,7,4
00-0030540,Aaron Dobson,WR,24,2015,NE,27,14
00-0030550,Ace Sanders,WR,22,2013,JAX,109,58
00-0030550,Ace Sanders,WR,23,2014,JAX,12,6
00-0032009,Adam Humphries,WR,22,2015,TB,49,25
00-0032009,Adam Humphries,WR,23,2016,TB,125,70
00-0032009,Adam Humphries,WR,24,2017,TB,128,67
00-0032009,Adam Humphries,WR,25,2018,TB,187,111
00-0032009,Adam Humphries,WR,26,2019,TEN,6,2
00-0032009,Adam Humphries,WR,26,2019,TEN,86,50
00-0032009,Adam Humphries,WR,27,2020,TEN,37,20
00-0032009,Adam Humphries,WR,28,2021,WAS,75,34
00-0030035,Adam Thielen,WR,24,2014,MIN,26,18
00-0030035,Adam Thielen,WR,25,2015,MIN,35,23
00-0030035,Adam Thielen,WR,26,2016,MIN,191,122
00-0030035,Adam Thielen,WR,27,2017,MIN,15,6
00-0030035,Adam Thielen,WR,27,2017,MIN,236,145
00-0030035,Adam Thielen,WR,28,2018,MIN,300,187
00-0030035,Adam Thielen,WR,29,2019,MIN,8,3
00-0030035,Adam Thielen,WR,29,2019,MIN,114,84
00-0030035,Adam Thielen,WR,30,2020,MIN,222,156
00-0030035,Adam Thielen,WR,31,2021,MIN,196,129
00-0030035,Adam Thielen,WR,32,2022,MIN,172,102
00-0030035,Adam Thielen,WR,33,2023,CAR,227,124
00-0030035,Adam Thielen,WR,34,2024,CAR,23,15
00-0039890,Adonai Mitchell,WR,22,2024,IND,53,30
00-0039747,Ainias Smith,WR,23,2024,PHI,14,10
00-0030669,Albert Wilson,WR,22,2014,KC,40,24
00-0030669,Albert Wilson,WR,23,2015,KC,17,12
00-0030669,Albert Wilson,WR,23,2015,KC,79,47
00-0030669,Albert Wilson,WR,24,2016,KC,8,6
00-0030669,Albert Wilson,WR,24,2016,KC,82,51
00-0030669,Albert Wilson,WR,25,2017,KC,116,74
00-0030669,Albert Wilson,WR,26,2018,MIA,95,69
00-0030669,Albert Wilson,WR,27,2019,MIA,87,44
00-0030669,Albert Wilson,WR,29,2021,MIA,46,21
00-0028116,Aldrick Robinson,WR,24,2012,WAS,54,43
00-0028116,Aldrick Robinson,WR,25,2013,WAS,64,46
00-0028116,Aldrick Robinson,WR,26,2014,WAS,2,1
00-0028116,Aldrick Robinson,WR,28,2016,ATL,0,0
00-0028116,Aldrick Robinson,WR,28,2016,ATL,64,44
00-0028116,Aldrick Robinson,WR,29,2017,SF,55,36
00-0028116,Aldrick Robinson,WR,30,2018,MIN,66,50
00-0037664,Alec Pierce,WR,22,2022,IND,108,67
00-0037664,Alec Pierce,WR,23,2023,IND,93,61
00-0037664,Alec Pierce,WR,24,2024,IND,153,116
00-0032543,Alex Erickson,WR,24,2016,CIN,13,7
00-0032543,Alex Erickson,WR,25,2017,CIN,36,24
00-0032543,Alex Erickson,WR,26,2018,CIN,39,19
00-0032543,Alex Erickson,WR,27,2019,CIN,94,51
00-0032543,Alex Erickson,WR,28,2020,CIN,22,10
00-0032543,Alex Erickson,WR,29,2021,CAR,8,6
00-0032543,Alex Erickson,WR,31,2023,LAC,5,3
00-0035104,Alexander Hollins,WR,23,2019,MIN,7,5
00-0034521,Allen Lazard,WR,24,2019,GB,7,4
00-0034521,Allen Lazard,WR,24,2019,GB,103,68
00-0034521,Allen Lazard,WR,25,2020,GB,27,20
00-0034521,Allen Lazard,WR,25,2020,GB,94,63
00-0034521,Allen Lazard,WR,26,2021,GB,2,1
00-0034521,Allen Lazard,WR,26,2021,GB,134,94
00-0034521,Allen Lazard,WR,27,2022,GB,165,105
00-0034521,Allen Lazard,WR,28,2023,NYJ,58,35
00-0034521,Allen Lazard,WR,29,2024,NYJ,115,82
00-0031428,Allen Robinson,WR,21,2014,JAX,109,61
00-0031428,Allen Robinson,WR,22,2015,JAX,292,212
00-0031428,Allen Robinson,WR,23,2016,JAX,183,110
00-0031428,Allen Robinson,WR,24,2017,JAX,3,2
00-0031428,Allen Robinson,WR,25,2018,CHI,146,91
00-0031428,Allen Robinson,WR,26,2019,CHI,247,149
00-0031428,Allen Robinson,WR,27,2020,CHI,253,151
00-0031428,Allen Robinson,WR,28,2021,CHI,72,38
00-0031428,Allen Robinson,WR,29,2022,LA,83,50
00-0031428,Allen Robinson,WR,30,2023,PIT,60,26
00-0031428,Allen Robinson,WR,31,2024,DET,5,3
00-0029137,Alshon Jeffery,WR,22,2012,CHI,77,53
00-0029137,Alshon Jeffery,WR,23,2013,CHI,271,182
00-0029137,Alshon Jeffery,WR,24,2014,CHI,256,171
00-0029137,Alshon Jeffery,WR,25,2015,CHI,153,99
00-0029137,Alshon Jeffery,WR,26,2016,CHI,113,67
00-0029137,Alshon Jeffery,WR,27,2017,PHI,50,38
00-0029137,Alshon Jeffery,WR,27,2017,PHI,188,131
00-0029137,Alshon Jeffery,WR,28,2018,PHI,9,4
00-0029137,Alshon Jeffery,WR,28,2018,PHI,183,118
00-0029137,Alshon Jeffery,WR,29,2019,PHI,120,77
00-0029137,Alshon Jeffery,WR,30,2020,PHI,22,16
00-0033937,Amara Darboh,WR,23,2017,SEA,15,7
00-0031544,Amari Cooper,WR,21,2015,LV,205,133
00-0031544,Amari Cooper,WR,22,2016,LV,224,141
00-0031544,Amari Cooper,WR,23,2017,LV,148,100
00-0031544,Amari Cooper,WR,24,2018,DAL,18,12
00-0031544,Amari Cooper,WR,24,2018,DAL,153,100
00-0031544,Amari Cooper,WR,24,2018,LV,55,33
00-0031544,Amari Cooper,WR,25,2019,DAL,242,164
00-0031544,Amari Cooper,WR,26,2020,DAL,227,135
00-0031544,Amari Cooper,WR,27,2021,DAL,196,130
00-0031544,Amari Cooper,WR,28,2022,CLE,240,162
00-0031544,Amari Cooper,WR,29,2023,CLE,212,140
00-0031544,Amari Cooper,WR,30,2024,BUF,7,3
00-0031544,Amari Cooper,WR,30,2024,BUF,49,33
00-0031544,Amari Cooper,WR,30,2024,BUF,17,13
00-0031544,Amari Cooper,WR,30,2024,CLE,59,35
00-0036991,Amari Rodgers,WR,22,2021,GB,8,5
00-0036991,Amari Rodgers,WR,23,2022,GB,8,4
00-0036991,Amari Rodgers,WR,23,2022,HOU,34,22
00-0036991,Amari Rodgers,WR,24,2023,IND,0,0
00-0036963,Amon-Ra St. Brown,WR,22,2021,DET,219,129
00-0036963,Amon-Ra St. Brown,WR,23,2022,DET,266,160
00-0036963,Amon-Ra St. Brown,WR,24,2023,DET,38,23
00-0036963,Amon-Ra St. Brown,WR,24,2023,DET,324,205
00-0036963,Amon-Ra St. Brown,WR,25,2024,DET,22,14
00-0036963,Amon-Ra St. Brown,WR,25,2024,DET,327,212
00-0026237,Andre Caldwell,WR,27,2012,DEN,4,3
00-0026237,Andre Caldwell,WR,28,2013,DEN,5,3
00-0026237,Andre Caldwell,WR,28,2013,DEN,55,39
00-0026237,Andre Caldwell,WR,29,2014,DEN,0,0
00-0026237,Andre Caldwell,WR,29,2014,DEN,10,5
00-0026237,Andre Caldwell,WR,30,2015,DEN,7,4
00-0026237,Andre Caldwell,WR,30,2015,DEN,26,16
00-0022044,Andre Johnson,WR,31,2012,HOU,18,10
00-0022044,Andre Johnson,WR,31,2012,HOU,286,174
00-0022044,Andre Johnson,WR,32,2013,HOU,264,155
00-0022044,Andre Johnson,WR,33,2014,HOU,168,89
00-0022044,Andre Johnson,WR,34,2015,IND,109,68
00-0022044,Andre Johnson,WR,35,2016,TEN,30,20
00-0027691,Andre Roberts,WR,24,2012,ARI,169,105
00-0027691,Andre Roberts,WR,25,2013,ARI,98,55
00-0027691,Andre Roberts,WR,26,2014,WAS,80,44
00-0027691,Andre Roberts,WR,27,2015,WAS,24,14
00-0027691,Andre Roberts,WR,28,2016,DET,39,25
00-0027691,Andre Roberts,WR,29,2017,ATL,2,1
00-0027691,Andre Roberts,WR,30,2018,NYJ,22,12
00-0027691,Andre Roberts,WR,31,2019,BUF,6,3
00-0027691,Andre Roberts,WR,32,2020,BUF,5,1
00-0027691,Andre Roberts,WR,33,2021,HOU,2,2
00-0027691,Andre Roberts,WR,33,2021,LAC,1,1
00-0038619,Andrei Iosivas,WR,24,2023,CIN,49,34
00-0038619,Andrei Iosivas,WR,25,2024,CIN,118,82
00-0035527,Andy Isabella,WR,23,2019,ARI,35,26
00-0035527,Andy Isabella,WR,24,2020,ARI,49,28
00-0035527,Andy Isabella,WR,25,2021,ARI,2,1
00-0035527,Andy Isabella,WR,26,2022,ARI,4,2
00-0035527,Andy Isabella,WR,27,2023,BUF,0,0
00-0022084,Anquan Boldin,WR,32,2012,BAL,58,42
00-0022084,Anquan Boldin,WR,32,2012,BAL,175,110
00-0022084,Anquan Boldin,WR,33,2013,SF,36,23
00-0022084,Anquan Boldin,WR,33,2013,SF,246,161
00-0022084,Anquan Boldin,WR,34,2014,SF,216,133
00-0022084,Anquan Boldin,WR,35,2015,SF,165,96
00-0022084,Anquan Boldin,WR,36,2016,DET,167,100
00-0039816,Anthony Gould,WR,23,2024,IND,3,2
00-0034353,Anthony Miller,WR,24,2018,CHI,118,85
00-0034353,Anthony Miller,WR,25,2019,CHI,120,68
00-0034353,Anthony Miller,WR,26,2020,CHI,102,53
00-0034353,Anthony Miller,WR,27,2021,HOU,9,4
00-0036999,Anthony Schwartz,WR,21,2021,CLE,31,21
00-0036999,Anthony Schwartz,WR,22,2022,CLE,18,14
00-0038627,Antoine Green,WR,24,2023,DET,1,0
00-0027793,Antonio Brown,WR,24,2012,PIT,170,104
00-0027793,Antonio Brown,WR,25,2013,PIT,297,187
00-0027793,Antonio Brown,WR,26,2014,PIT,19,10
00-0027793,Antonio Brown,WR,26,2014,PIT,376,247
00-0027793,Antonio Brown,WR,27,2015,PIT,364,228
00-0027793,Antonio Brown,WR,28,2016,PIT,30,16
00-0027793,Antonio Brown,WR,28,2016,PIT,301,195
00-0027793,Antonio Brown,WR,29,2017,PIT,32,25
00-0027793,Antonio Brown,WR,29,2017,PIT,296,195
00-0027793,Antonio Brown,WR,30,2018,PIT,302,198
00-0027793,Antonio Brown,WR,32,2020,TB,15,9
00-0027793,Antonio Brown,WR,32,2020,TB,111,69
00-0027793,Antonio Brown,WR,33,2021,TB,54,36
00-0034772,Antonio Callaway,WR,21,2018,CLE,119,76
00-0034772,Antonio Callaway,WR,23,2020,MIA,4,2
00-0036340,Antonio Gandy-Golden,WR,22,2020,WAS,4,2
00-0033916,ArDarius Stewart,WR,24,2017,NYJ,17,11
00-0027654,Arrelious Benn,WR,24,2012,TB,8,4
00-0027654,Arrelious Benn,WR,28,2016,JAX,22,18
00-0027654,Arrelious Benn,WR,29,2017,JAX,2,1
00-0035021,Ashton Dulin,WR,22,2019,IND,4,2
00-0035021,Ashton Dulin,WR,23,2020,IND,9,6
00-0035021,Ashton Dulin,WR,24,2021,IND,46,32
00-0035021,Ashton Dulin,WR,25,2022,IND,38,24
00-0035021,Ashton Dulin,WR,27,2024,IND,17,15
00-0034686,Auden Tate,WR,21,2018,CIN,2,2
00-0034686,Auden Tate,WR,22,2019,CIN,96,56
00-0034686,Auden Tate,WR,23,2020,CIN,29,15
00-0034686,Auden Tate,WR,24,2021,CIN,11,8
00-0033382,Austin Carr,WR,25,2018,NO,2,0
00-0033382,Austin Carr,WR,25,2018,NO,31,22
00-0033382,Austin Carr,WR,26,2019,NO,2,1
00-0033382,Austin Carr,WR,27,2020,NO,12,9
00-0027092,Austin Collie,WR,27,2012,IND,2,1
00-0027092,Austin Collie,WR,28,2013,NE,12,7
00-0027092,Austin Collie,WR,28,2013,NE,4,2
00-0035869,Austin Mack,WR,23,2020,NYG,15,9
00-0028016,Austin Pettis,WR,24,2012,LA,76,46
00-0028016,Austin Pettis,WR,25,2013,LA,100,62
00-0028016,Austin Pettis,WR,26,2014,LA,30,18
00-0036841,Austin Trammell,WR,25,2023,LA,5,1
00-0024463,Ben Obomanu,WR,29,2012,SEA,11,7
00-0024463,Ben Obomanu,WR,30,2013,NYJ,2,1
00-0036862,Ben Skowronek,WR,24,2021,LA,1,-1
00-0036862,Ben Skowronek,WR,24,2021,LA,22,11
00-0036862,Ben Skowronek,WR,25,2022,LA,80,41
00-0036862,Ben Skowronek,WR,26,2023,LA,22,14
00-0036862,Ben Skowronek,WR,27,2024,PIT,10,6
00-0037091,Bo Melton,WR,24,2023,GB,9,8
00-0037091,Bo Melton,WR,24,2023,GB,13,8
00-0037091,Bo Melton,WR,25,2024,GB,20,12
00-0033434,Bobo Wilson,WR,22,2017,TB,9,8
00-0033434,Bobo Wilson,WR,23,2018,TB,7,4
00-0033434,Bobo Wilson,WR,24,2019,TB,2,0
00-0024318,Brad Smith,WR,29,2012,BUF,57,43
00-0024318,Brad Smith,WR,30,2013,PHI,5,3
00-0024318,Brad Smith,WR,31,2014,PHI,2,1
00-0031236,Brandin Cooks,WR,21,2014,NO,137,84
00-0031236,Brandin Cooks,WR,22,2015,NO,246,162
00-0031236,Brandin Cooks,WR,23,2016,NO,242,164
00-0031236,Brandin Cooks,WR,24,2017,NE,26,16
00-0031236,Brandin Cooks,WR,24,2017,NE,215,150
00-0031236,Brandin Cooks,WR,25,2018,LA,47,28
00-0031236,Brandin Cooks,WR,25,2018,LA,239,159
00-0031236,Brandin Cooks,WR,26,2019,LA,108,68
00-0031236,Brandin Cooks,WR,27,2020,HOU,223,142
00-0031236,Brandin Cooks,WR,28,2021,HOU,206,123
00-0031236,Brandin Cooks,WR,29,2022,HOU,110,65
00-0031236,Brandin Cooks,WR,30,2023,DAL,163,109
00-0031236,Brandin Cooks,WR,31,2024,DAL,24,15
00-0036261,Brandon Aiyuk,WR,22,2020,SF,140,92
00-0036261,Brandon Aiyuk,WR,23,2021,SF,11,7
00-0036261,Brandon Aiyuk,WR,23,2021,SF,167,111
00-0036261,Brandon Aiyuk,WR,24,2022,SF,7,4
00-0036261,Brandon Aiyuk,WR,24,2022,SF,225,147
00-0036261,Brandon Aiyuk,WR,25,2023,SF,30,21
00-0036261,Brandon Aiyuk,WR,25,2023,SF,242,167
00-0036261,Brandon Aiyuk,WR,26,2024,SF,58,33
00-0026937,Brandon Gibson,WR,25,2012,LA,146,95
00-0026937,Brandon Gibson,WR,26,2013,MIA,77,47
00-0026937,Brandon Gibson,WR,27,2014,MIA,62,34
00-0037382,Brandon Johnson,WR,24,2022,DEN,6,3
00-0037382,Brandon Johnson,WR,25,2023,DEN,71,52
00-0027681,Brandon LaFell,WR,26,2012,CAR,131,87
00-0027681,Brandon LaFell,WR,27,2013,CAR,6,2
00-0027681,Brandon LaFell,WR,27,2013,CAR,133,84
00-0027681,Brandon LaFell,WR,28,2014,NE,37,24
00-0027681,Brandon LaFell,WR,28,2014,NE,202,128
00-0027681,Brandon LaFell,WR,29,2015,NE,4,1
00-0027681,Brandon LaFell,WR,29,2015,NE,72,41
00-0027681,Brandon LaFell,WR,30,2016,CIN,184,120
00-0027681,Brandon LaFell,WR,31,2017,CIN,121,69
00-0027681,Brandon LaFell,WR,32,2018,LV,38,26
00-0022097,Brandon Lloyd,WR,31,2012,NE,26,14
00-0022097,Brandon Lloyd,WR,31,2012,NE,187,113
00-0022097,Brandon Lloyd,WR,33,2014,SF,45,31
00-0024334,Brandon Marshall,WR,28,2012,CHI,321,203
00-0024334,Brandon Marshall,WR,29,2013,CHI,294,194
00-0024334,Brandon Marshall,WR,30,2014,CHI,168,107
00-0034646,Brandon Powell,WR,23,2018,DET,24,13
00-0034646,Brandon Powell,WR,25,2020,ATL,29,17
00-0034646,Brandon Powell,WR,27,2022,LA,48,24
00-0034646,Brandon Powell,WR,28,2023,MIN,67,38
00-0034646,Brandon Powell,WR,29,2024,MIN,14,7
00-0015754,Brandon Stokley,WR,36,2012,DEN,10,7
00-0015754,Brandon Stokley,WR,36,2012,DEN,125,80
00-0015754,Brandon Stokley,WR,37,2013,BAL,16,6
00-0027057,Brandon Tate,WR,25,2012,CIN,36,23
00-0027057,Brandon Tate,WR,26,2013,CIN,2,1
00-0027057,Brandon Tate,WR,27,2014,CIN,0,0
00-0027057,Brandon Tate,WR,27,2014,CIN,44,27
00-0027057,Brandon Tate,WR,28,2015,CIN,14,12
00-0027057,Brandon Tate,WR,29,2016,BUF,24,16
00-0027057,Brandon Tate,WR,30,2017,BUF,8,4
00-0034052,Brandon Zylstra,WR,25,2018,MIN,3,2
00-0034052,Brandon Zylstra,WR,26,2019,CAR,19,11
00-0034052,Brandon Zylstra,WR,27,2020,CAR,7,4
00-0034052,Brandon Zylstra,WR,28,2021,CAR,44,28
00-0034419,Braxton Berrios,WR,24,2019,NYJ,18,12
00-0034419,Braxton Berrios,WR,25,2020,NYJ,95,58
00-0034419,Braxton Berrios,WR,26,2021,NYJ,110,64
00-0034419,Braxton Berrios,WR,27,2022,NYJ,58,40
00-0034419,Braxton Berrios,WR,28,2023,MIA,54,27
00-0034419,Braxton Berrios,WR,29,2024,MIA,0,0
00-0033069,Braxton Miller,WR,24,2016,HOU,27,12
00-0033069,Braxton Miller,WR,25,2017,HOU,41,22
00-0023438,Braylon Edwards,WR,29,2012,NYJ,15,8
00-0023438,Braylon Edwards,WR,29,2012,SEA,19,11
00-0032054,Breshad Perriman,WR,23,2016,BAL,93,60
00-0032054,Breshad Perriman,WR,24,2017,BAL,14,4
00-0032054,Breshad Perriman,WR,25,2018,CLE,61,46
00-0032054,Breshad Perriman,WR,26,2019,TB,132,96
00-0032054,Breshad Perriman,WR,27,2020,NYJ,91,61
00-0032054,Breshad Perriman,WR,28,2021,TB,9,4
00-0032054,Breshad Perriman,WR,29,2022,TB,22,13
00-0027077,Brian Hartline,WR,26,2012,MIA,179,105
00-0027077,Brian Hartline,WR,27,2013,MIA,194,118
00-0027077,Brian Hartline,WR,28,2014,MIA,98,58
00-0027077,Brian Hartline,WR,29,2015,CLE,104,58
00-0029640,Brian Quick,WR,23,2012,LA,33,22
00-0029640,Brian Quick,WR,24,2013,LA,58,40
00-0029640,Brian Quick,WR,25,2014,LA,78,54
00-0029640,Brian Quick,WR,26,2015,LA,20,10
00-0029640,Brian Quick,WR,27,2016,LA,111,70
00-0029640,Brian Quick,WR,28,2017,WAS,14,8
00-0029640,Brian Quick,WR,29,2018,WAS,5,2
00-0039893,Brian Thomas,WR,22,2024,JAX,270,183
00-0030516,Brice Butler,WR,23,2013,LV,15,6
00-0030516,Brice Butler,WR,24,2014,LV,59,38
00-0030516,Brice Butler,WR,25,2015,DAL,34,22
00-0030516,Brice Butler,WR,26,2016,DAL,0,0
00-0030516,Brice Butler,WR,26,2016,DAL,54,38
00-0030516,Brice Butler,WR,27,2017,DAL,63,48
00-0030516,Brice Butler,WR,28,2018,DAL,0,0
00-0030516,Brice Butler,WR,28,2018,MIA,18,12
00-0037132,Britain Covey,WR,26,2023,PHI,8,4
00-0037132,Britain Covey,WR,27,2024,PHI,10,3
00-0031326,Bruce Ellington,WR,23,2014,SF,33,27
00-0031326,Bruce Ellington,WR,24,2015,SF,29,16
00-0031326,Bruce Ellington,WR,26,2017,HOU,72,43
00-0031326,Bruce Ellington,WR,27,2018,DET,36,13
00-0031326,Bruce Ellington,WR,27,2018,HOU,23,15
00-0036365,Bryan Edwards,WR,22,2020,LV,36,25
00-0036365,Bryan Edwards,WR,23,2021,LV,109,75
00-0036365,Bryan Edwards,WR,24,2022,ATL,2,0
00-0032724,Bryce Treggs,WR,22,2016,PHI,8,5
00-0032724,Bryce Treggs,WR,23,2017,CLE,4,2
00-0039386,Bub Means,WR,23,2024,NO,27,18
00-0034297,Byron Pringle,WR,26,2019,KC,33,21
00-0034297,Byron Pringle,WR,27,2020,KC,10,4
00-0034297,Byron Pringle,WR,27,2020,KC,35,22
00-0034297,Byron Pringle,WR,28,2021,KC,18,10
00-0034297,Byron Pringle,WR,28,2021,KC,129,87
00-0034297,Byron Pringle,WR,29,2022,CHI,31,22
00-0034297,Byron Pringle,WR,30,2023,WAS,28,14
00-0033367,C.J. Board,WR,26,2019,JAX,3,2
00-0033367,C.J. Board,WR,27,2020,NYG,21,10
00-0033367,C.J. Board,WR,28,2021,NYG,1,-1
00-0037837,Calvin Austin,WR,24,2023,PIT,51,34
00-0037837,Calvin Austin,WR,25,2024,PIT,115,79
00-0025389,Calvin Johnson,WR,27,2012,DET,331,209
00-0025389,Calvin Johnson,WR,28,2013,DET,284,200
00-0025389,Calvin Johnson,WR,29,2014,DET,14,8
00-0025389,Calvin Johnson,WR,29,2014,DET,219,148
00-0025389,Calvin Johnson,WR,30,2015,DET,254,166
00-0034837,Calvin Ridley,WR,24,2018,ATL,202,138
00-0034837,Calvin Ridley,WR,25,2019,ATL,191,128
00-0034837,Calvin Ridley,WR,26,2020,ATL,268,178
00-0034837,Calvin Ridley,WR,27,2021,ATL,69,38
00-0034837,Calvin Ridley,WR,29,2023,JAX,145,96
00-0034837,Calvin Ridley,WR,30,2024,TEN,190,126
00-0034512,Cam Phillips,WR,23,2018,BUF,2,1
00-0034104,Cam Sims,WR,23,2019,WAS,5,3
00-0034104,Cam Sims,WR,24,2020,WAS,80,48
00-0034104,Cam Sims,WR,25,2021,WAS,46,32
00-0034104,Cam Sims,WR,26,2022,WAS,13,5
00-0034652,Cameron Batson,WR,23,2018,TEN,14,6
00-0034652,Cameron Batson,WR,25,2020,TEN,18,12
00-0034652,Cameron Batson,WR,26,2021,TEN,11,9
00-0039394,Casey Washington,WR,23,2024,ATL,2,1
00-0028052,Cecil Shorts,WR,25,2012,JAX,152,107
00-0028052,Cecil Shorts,WR,26,2013,JAX,150,84
00-0028052,Cecil Shorts,WR,27,2014,JAX,111,58
00-0028052,Cecil Shorts,WR,28,2015,HOU,107,65
00-0028052,Cecil Shorts,WR,29,2016,TB,22,12
00-0038979,Cedric Tillman,WR,23,2023,CLE,34,13
00-0038979,Cedric Tillman,WR,24,2024,CLE,73,44
00-0034418,Cedrick Wilson,WR,24,2019,DAL,10,5
00-0034418,Cedrick Wilson,WR,25,2020,DAL,52,35
00-0034418,Cedrick Wilson,WR,26,2021,DAL,144,99
00-0034418,Cedrick Wilson,WR,27,2022,MIA,26,14
00-0034418,Cedrick Wilson,WR,28,2023,MIA,68,46
00-0034418,Cedrick Wilson,WR,29,2024,NO,52,32
00-0036358,CeeDee Lamb,WR,21,2020,DAL,205,131
00-0036358,CeeDee Lamb,WR,22,2021,DAL,221,142
00-0036358,CeeDee Lamb,WR,23,2022,DAL,20,10
00-0036358,CeeDee Lamb,WR,23,2022,DAL,294,187
00-0036358,CeeDee Lamb,WR,24,2023,DAL,397,262
00-0036358,CeeDee Lamb,WR,25,2024,DAL,248,147
00-0034309,Chad Beebe,WR,24,2018,MIN,3,2
00-0034309,Chad Beebe,WR,25,2019,MIN,9,7
00-0034309,Chad Beebe,WR,26,2020,MIN,50,30
00-0033840,Chad Hansen,WR,22,2017,NYJ,18,9
00-0033840,Chad Hansen,WR,25,2020,HOU,4,2
00-0033933,Chad Williams,WR,23,2017,ARI,7,4
00-0033933,Chad Williams,WR,24,2018,ARI,35,19
00-0030113,Charles Johnson,WR,25,2014,MIN,91,60
00-0030113,Charles Johnson,WR,26,2015,MIN,17,9
00-0030113,Charles Johnson,WR,27,2016,MIN,41,22
00-0038576,Charlie Jones,WR,25,2023,CIN,11,7
00-0038576,Charlie Jones,WR,26,2024,CIN,2,0
00-0032959,Charone Peake,WR,24,2016,NYJ,34,15
00-0032959,Charone Peake,WR,25,2017,NYJ,1,0
00-0032959,Charone Peake,WR,26,2018,NYJ,2,0
00-0036326,Chase Claypool,WR,22,2020,PIT,212,150
00-0036326,Chase Claypool,WR,23,2021,PIT,159,100
00-0036326,Chase Claypool,WR,24,2022,CHI,4,2
00-0036326,Chase Claypool,WR,24,2022,CHI,18,6
00-0036326,Chase Claypool,WR,24,2022,PIT,77,45
00-0036326,Chase Claypool,WR,25,2023,CHI,11,7
00-0036326,Chase Claypool,WR,25,2023,MIA,5,1
00-0026366,Chaz Schilens,WR,27,2012,NYJ,64,36
00-0032355,Chester Rogers,WR,22,2016,IND,45,26
00-0032355,Chester Rogers,WR,23,2017,IND,56,33
00-0032355,Chester Rogers,WR,24,2018,IND,8,3
00-0032355,Chester Rogers,WR,24,2018,IND,111,58
00-0032355,Chester Rogers,WR,25,2019,IND,48,32
00-0032355,Chester Rogers,WR,27,2021,TEN,-1,-2
00-0032355,Chester Rogers,WR,27,2021,TEN,65,35
00-0032128,Chris Conley,WR,23,2015,KC,8,3
00-0032128,Chris Conley,WR,23,2015,KC,43,26
00-0032128,Chris Conley,WR,24,2016,KC,4,2
00-0032128,Chris Conley,WR,24,2016,KC,95,51
00-0032128,Chris Conley,WR,25,2017,KC,28,18
00-0032128,Chris Conley,WR,26,2018,KC,0,0
00-0032128,Chris Conley,WR,26,2018,KC,87,55
00-0032128,Chris Conley,WR,27,2019,JAX,154,108
00-0032128,Chris Conley,WR,28,2020,JAX,94,54
00-0032128,Chris Conley,WR,29,2021,HOU,62,40
00-0032128,Chris Conley,WR,31,2023,SF,6,4
00-0032128,Chris Conley,WR,31,2023,SF,10,7
00-0032128,Chris Conley,WR,32,2024,SF,12,6
00-0029614,Chris Givens,WR,23,2012,LA,129,87
00-0029614,Chris Givens,WR,24,2013,LA,85,51
00-0029614,Chris Givens,WR,25,2014,LA,31,20
00-0029614,Chris Givens,WR,26,2015,BAL,46,30
00-0029614,Chris Givens,WR,26,2015,LA,4,3
00-0033921,Chris Godwin,WR,21,2017,TB,90,56
00-0033921,Chris Godwin,WR,22,2018,TB,178,119
00-0033921,Chris Godwin,WR,23,2019,TB,264,178
00-0033921,Chris Godwin,WR,24,2020,TB,27,16
00-0033921,Chris Godwin,WR,24,2020,TB,189,124
00-0033921,Chris Godwin,WR,25,2021,TB,236,138
00-0033921,Chris Godwin,WR,26,2022,TB,216,112
00-0033921,Chris Godwin,WR,27,2023,TB,8,4
00-0033921,Chris Godwin,WR,27,2023,TB,201,118
00-0033921,Chris Godwin,WR,28,2024,TB,136,86
00-0028237,Chris Hogan,WR,25,2013,BUF,18,8
00-0028237,Chris Hogan,WR,26,2014,BUF,100,59
00-0028237,Chris Hogan,WR,27,2015,BUF,88,52
00-0028237,Chris Hogan,WR,28,2016,NE,62,45
00-0028237,Chris Hogan,WR,28,2016,NE,126,88
00-0028237,Chris Hogan,WR,29,2017,NE,37,28
00-0028237,Chris Hogan,WR,29,2017,NE,108,74
00-0028237,Chris Hogan,WR,30,2018,NE,12,4
00-0028237,Chris Hogan,WR,30,2018,NE,104,69
00-0028237,Chris Hogan,WR,31,2019,CAR,9,4
00-0028237,Chris Hogan,WR,32,2020,NYJ,19,8
00-0028237,Chris Hogan,WR,33,2021,NO,14,10
00-0034593,Chris Lacy,WR,23,2019,DET,7,4
00-0032398,Chris Moore,WR,23,2016,BAL,14,6
00-0032398,Chris Moore,WR,24,2017,BAL,56,38
00-0032398,Chris Moore,WR,25,2018,BAL,46,27
00-0032398,Chris Moore,WR,26,2019,BAL,0,0
00-0032398,Chris Moore,WR,26,2019,BAL,5,2
00-0032398,Chris Moore,WR,28,2021,HOU,21,8
00-0032398,Chris Moore,WR,29,2022,HOU,109,61
00-0032398,Chris Moore,WR,30,2023,TEN,66,44
00-0037239,Chris Olave,WR,22,2022,NO,184,112
00-0037239,Chris Olave,WR,23,2023,NO,223,136
00-0037239,Chris Olave,WR,24,2024,NO,72,40
00-0033855,Chris Thompson,WR,23,2017,HOU,10,6
00-0034132,Christian Blake,WR,23,2019,ATL,20,9
00-0034132,Christian Blake,WR,24,2020,ATL,27,14
00-0034132,Christian Blake,WR,25,2021,ATL,6,2
00-0034775,Christian Kirk,WR,22,2018,ARI,116,72
00-0034775,Christian Kirk,WR,23,2019,ARI,163,96
00-0034775,Christian Kirk,WR,24,2020,ARI,140,92
00-0034775,Christian Kirk,WR,25,2021,ARI,204,127
00-0034775,Christian Kirk,WR,26,2022,JAX,20,13
00-0034775,Christian Kirk,WR,26,2022,JAX,232,148
00-0034775,Christian Kirk,WR,27,2023,JAX,144,87
00-0034775,Christian Kirk,WR,28,2024,JAX,67,40
00-0038124,Christian Watson,WR,23,2022,GB,152,116
00-0038124,Christian Watson,WR,24,2023,GB,0,-1
00-0038124,Christian Watson,WR,24,2023,GB,91,63
00-0038124,Christian Watson,WR,25,2024,GB,98,69
00-0030290,Cobi Hamilton,WR,26,2016,PIT,13,10
00-0030290,Cobi Hamilton,WR,26,2016,PIT,34,22
00-0030290,Cobi Hamilton,WR,27,2017,HOU,0,-1
00-0032795,Cody Core,WR,22,2016,CIN,25,12
00-0032795,Cody Core,WR,23,2017,CIN,0,0
00-0032795,Cody Core,WR,24,2018,CIN,33,20
00-0032795,Cody Core,WR,25,2019,NYG,6,3
00-0031344,Cody Latimer,WR,22,2014,DEN,4,2
00-0031344,Cody Latimer,WR,23,2015,DEN,6,3
00-0031344,Cody Latimer,WR,23,2015,DEN,16,10
00-0031344,Cody Latimer,WR,24,2016,DEN,14,6
00-0031344,Cody Latimer,WR,25,2017,DEN,58,39
00-0031344,Cody Latimer,WR,26,2018,NYG,34,24
00-0031344,Cody Latimer,WR,27,2019,NYG,64,40
00-0029000,Cole Beasley,WR,23,2012,DAL,24,9
00-0029000,Cole Beasley,WR,24,2013,DAL,86,47
00-0029000,Cole Beasley,WR,25,2014,DAL,17,10
00-0029000,Cole Beasley,WR,25,2014,DAL,97,60
00-0029000,Cole Beasley,WR,26,2015,DAL,131,79
00-0029000,Cole Beasley,WR,27,2016,DAL,6,2
00-0029000,Cole Beasley,WR,27,2016,DAL,189,114
00-0029000,Cole Beasley,WR,28,2017,DAL,85,49
00-0029000,Cole Beasley,WR,29,2018,DAL,2,2
00-0029000,Cole Beasley,WR,29,2018,DAL,150,85
00-0029000,Cole Beasley,WR,30,2019,BUF,173,106
00-0029000,Cole Beasley,WR,31,2020,BUF,16,9
00-0029000,Cole Beasley,WR,31,2020,BUF,206,124
00-0029000,Cole Beasley,WR,32,2021,BUF,12,6
00-0029000,Cole Beasley,WR,32,2021,BUF,151,71
00-0029000,Cole Beasley,WR,33,2022,BUF,14,9
00-0029000,Cole Beasley,WR,33,2022,BUF,2,1
00-0036254,Collin Johnson,WR,23,2020,JAX,55,37
00-0036254,Collin Johnson,WR,24,2021,NYG,20,8
00-0038632,Colton Dowell,WR,24,2023,TEN,-1,-2
00-0033908,Cooper Kupp,WR,24,2017,LA,174,112
00-0033908,Cooper Kupp,WR,25,2018,LA,113,78
00-0033908,Cooper Kupp,WR,26,2019,LA,266,172
00-0033908,Cooper Kupp,WR,27,2020,LA,12,8
00-0033908,Cooper Kupp,WR,27,2020,LA,205,113
00-0033908,Cooper Kupp,WR,28,2021,LA,95,67
00-0033908,Cooper Kupp,WR,28,2021,LA,428,282
00-0033908,Cooper Kupp,WR,29,2022,LA,192,117
00-0033908,Cooper Kupp,WR,30,2023,LA,109,65
00-0033908,Cooper Kupp,WR,31,2024,LA,15,9
00-0033908,Cooper Kupp,WR,31,2024,LA,159,97
00-0032966,Corey Coleman,WR,22,2016,CLE,89,56
00-0032966,Corey Coleman,WR,23,2017,CLE,38,24
00-0032966,Corey Coleman,WR,24,2018,NYG,13,8
00-0033871,Corey Davis,WR,22,2017,TEN,23,18
00-0033871,Corey Davis,WR,22,2017,TEN,62,28
00-0033871,Corey Davis,WR,23,2018,TEN,182,117
00-0033871,Corey Davis,WR,24,2019,TEN,19,13
00-0033871,Corey Davis,WR,24,2019,TEN,115,72
00-0033871,Corey Davis,WR,25,2020,TEN,175,116
00-0033871,Corey Davis,WR,26,2021,NYJ,94,60
00-0033871,Corey Davis,WR,27,2022,NYJ,94,62
00-0034348,Courtland Sutton,WR,23,2018,DEN,130,88
00-0034348,Courtland Sutton,WR,24,2019,DEN,218,146
00-0034348,Courtland Sutton,WR,25,2020,DEN,8,5
00-0034348,Courtland Sutton,WR,26,2021,DEN,142,84
00-0034348,Courtland Sutton,WR,27,2022,DEN,151,87
00-0034348,Courtland Sutton,WR,28,2023,DEN,183,124
00-0034348,Courtland Sutton,WR,29,2024,DEN,229,148
00-0033282,Curtis Samuel,WR,21,2017,CAR,33,18
00-0033282,Curtis Samuel,WR,22,2018,CAR,121,84
00-0033282,Curtis Samuel,WR,23,2019,CAR,170,116
00-0033282,Curtis Samuel,WR,24,2020,CAR,210,133
00-0033282,Curtis Samuel,WR,25,2021,WAS,3,1
00-0033282,Curtis Samuel,WR,26,2022,WAS,171,107
00-0033282,Curtis Samuel,WR,27,2023,WAS,149,87
00-0033282,Curtis Samuel,WR,28,2024,BUF,10,7
00-0033282,Curtis Samuel,WR,28,2024,BUF,62,31
00-0036620,D'Wayne Eskridge,WR,24,2021,SEA,28,19
00-0036620,D'Wayne Eskridge,WR,25,2022,SEA,14,7
00-0036620,D'Wayne Eskridge,WR,26,2023,SEA,1,1
00-0036620,D'Wayne Eskridge,WR,27,2024,MIA,2,1
00-0034777,D.J. Chark,WR,22,2018,JAX,26,12
00-0034777,D.J. Chark,WR,23,2019,JAX,220,147
00-0034777,D.J. Chark,WR,24,2020,JAX,110,68
00-0034777,D.J. Chark,WR,25,2021,JAX,32,25
00-0034777,D.J. Chark,WR,26,2022,DET,87,59
00-0034777,D.J. Chark,WR,27,2023,CAR,114,80
00-0034777,D.J. Chark,WR,28,2024,LAC,11,8
00-0034827,D.J. Moore,WR,21,2018,CAR,151,96
00-0034827,D.J. Moore,WR,22,2019,CAR,220,132
00-0034827,D.J. Moore,WR,23,2020,CAR,174,114
00-0034827,D.J. Moore,WR,24,2021,CAR,222,130
00-0034827,D.J. Moore,WR,25,2022,CAR,190,126
00-0034827,D.J. Moore,WR,26,2023,CHI,280,184
00-0034827,D.J. Moore,WR,27,2024,CHI,229,131
00-0035640,DK Metcalf,WR,22,2019,SEA,10,6
00-0035640,DK Metcalf,WR,22,2019,SEA,180,122
00-0035640,DK Metcalf,WR,23,2020,SEA,262,179
00-0035640,DK Metcalf,WR,24,2021,SEA,240,165
00-0035640,DK Metcalf,WR,25,2022,SEA,217,127
00-0035640,DK Metcalf,WR,26,2023,SEA,217,151
00-0035640,DK Metcalf,WR,27,2024,SEA,185,119
00-0034256,Da'Mari Scott,WR,24,2019,NYG,3,2
00-0034370,DaeSean Hamilton,WR,23,2018,DEN,64,34
00-0034370,DaeSean Hamilton,WR,24,2019,DEN,64,36
00-0034370,DaeSean Hamilton,WR,25,2020,DEN,55,32
00-0027893,Damian Williams,WR,24,2012,TEN,56,26
00-0027893,Damian Williams,WR,25,2013,TEN,33,18
00-0027893,Damian Williams,WR,26,2014,MIA,2,1
00-0031868,Damiere Byrd,WR,24,2017,CAR,-1,-1
00-0031868,Damiere Byrd,WR,25,2018,CAR,2,1
00-0031868,Damiere Byrd,WR,26,2019,ARI,69,37
00-0031868,Damiere Byrd,WR,27,2020,NE,109,62
00-0031868,Damiere Byrd,WR,28,2021,CHI,61,35
00-0031868,Damiere Byrd,WR,29,2022,ATL,48,35
00-0034273,Damion Ratley,WR,23,2018,CLE,25,12
00-0034273,Damion Ratley,WR,24,2019,CLE,36,24
00-0034273,Damion Ratley,WR,25,2020,NYG,8,4
00-0035401,Damion Willis,WR,22,2019,CIN,17,8
00-0032801,Daniel Braverman,WR,23,2016,CHI,-2,-2
00-0026035,Danny Amendola,WR,27,2012,LA,138,75
00-0026035,Danny Amendola,WR,28,2013,NE,11,8
00-0026035,Danny Amendola,WR,28,2013,NE,118,70
00-0026035,Danny Amendola,WR,29,2014,NE,42,32
00-0026035,Danny Amendola,WR,29,2014,NE,51,24
00-0026035,Danny Amendola,WR,30,2015,NE,13,6
00-0026035,Danny Amendola,WR,30,2015,NE,148,83
00-0026035,Danny Amendola,WR,31,2016,NE,24,14
00-0026035,Danny Amendola,WR,31,2016,NE,68,45
00-0026035,Danny Amendola,WR,32,2017,NE,74,48
00-0026035,Danny Amendola,WR,32,2017,NE,137,76
00-0026035,Danny Amendola,WR,33,2018,MIA,123,64
00-0026035,Danny Amendola,WR,34,2019,DET,139,77
00-0026035,Danny Amendola,WR,35,2020,DET,102,56
00-0026035,Danny Amendola,WR,36,2021,HOU,16,5
00-0037828,Danny Gray,WR,23,2022,SF,3,2
00-0034860,Dante Pettis,WR,23,2018,SF,100,72
00-0034860,Dante Pettis,WR,24,2019,SF,31,20
00-0034860,Dante Pettis,WR,25,2020,NYG,18,14
00-0034860,Dante Pettis,WR,25,2020,SF,0,0
00-0034860,Dante Pettis,WR,27,2022,CHI,63,44
00-0034860,Dante Pettis,WR,29,2024,NO,17,11
00-0037093,Dareke Young,WR,23,2022,SEA,4,2
00-0037093,Dareke Young,WR,25,2024,SEA,0,0
00-0035535,Darius Slayton,WR,22,2019,NYG,162,114
00-0035535,Darius Slayton,WR,23,2020,NYG,136,86
00-0035535,Darius Slayton,WR,24,2021,NYG,51,27
00-0035535,Darius Slayton,WR,25,2022,NYG,-1,-2
00-0035535,Darius Slayton,WR,25,2022,NYG,123,77
00-0035535,Darius Slayton,WR,26,2023,NYG,147,97
00-0035535,Darius Slayton,WR,27,2024,NYG,106,67
00-0036309,Darnell Mooney,WR,23,2020,CHI,146,85
00-0036309,Darnell Mooney,WR,24,2021,CHI,204,123
00-0036309,Darnell Mooney,WR,25,2022,CHI,98,58
00-0036309,Darnell Mooney,WR,26,2023,CHI,73,42
00-0036309,Darnell Mooney,WR,27,2024,ATL,189,125
00-0026983,Darrius Heyward-Bey,WR,25,2012,LV,129,88
00-0026983,Darrius Heyward-Bey,WR,26,2013,IND,66,38
00-0026983,Darrius Heyward-Bey,WR,27,2014,PIT,2,1
00-0026983,Darrius Heyward-Bey,WR,27,2014,PIT,1,-2
00-0026983,Darrius Heyward-Bey,WR,28,2015,PIT,8,6
00-0026983,Darrius Heyward-Bey,WR,28,2015,PIT,60,39
00-0026983,Darrius Heyward-Bey,WR,29,2016,PIT,-2,-2
00-0026983,Darrius Heyward-Bey,WR,29,2016,PIT,39,33
00-0026983,Darrius Heyward-Bey,WR,30,2017,PIT,0,0
00-0026983,Darrius Heyward-Bey,WR,30,2017,PIT,16,14
00-0026983,Darrius Heyward-Bey,WR,31,2018,PIT,1,0
00-0035181,Darrius Shepherd,WR,24,2019,GB,-1,-2
00-0035181,Darrius Shepherd,WR,25,2020,GB,6,2
00-0034395,Daurice Fountain,WR,25,2020,IND,4,2
00-0031381,Davante Adams,WR,22,2014,GB,24,16
00-0031381,Davante Adams,WR,22,2014,GB,99,61
00-0031381,Davante Adams,WR,23,2015,GB,104,54
00-0031381,Davante Adams,WR,24,2016,GB,21,13
00-0031381,Davante Adams,WR,24,2016,GB,236,161
00-0031381,Davante Adams,WR,25,2017,GB,220,146
00-0031381,Davante Adams,WR,26,2018,GB,328,217
00-0031381,Davante Adams,WR,27,2019,GB,57,40
00-0031381,Davante Adams,WR,27,2019,GB,208,125
00-0031381,Davante Adams,WR,28,2020,GB,43,25
00-0031381,Davante Adams,WR,28,2020,GB,351,236
00-0031381,Davante Adams,WR,29,2021,GB,18,9
00-0031381,Davante Adams,WR,29,2021,GB,315,205
00-0031381,Davante Adams,WR,30,2022,LV,324,224
00-0031381,Davante Adams,WR,31,2023,LV,253,150
00-0031381,Davante Adams,WR,32,2024,LV,43,25
00-0031381,Davante Adams,WR,32,2024,NYJ,175,115
00-0031381,Davante Adams,WR,32,2024,NYJ,6,3
00-0037257,David Bell,WR,22,2022,CLE,37,13
00-0037257,David Bell,WR,23,2023,CLE,47,33
00-0033589,David Moore,WR,23,2018,SEA,97,71
00-0033589,David Moore,WR,24,2019,SEA,1,1
00-0033589,David Moore,WR,24,2019,SEA,57,40
00-0033589,David Moore,WR,25,2020,SEA,119,84
00-0033589,David Moore,WR,26,2021,DEN,0,0
00-0033589,David Moore,WR,29,2024,CAR,85,53
00-0035101,Davion Davis,WR,25,2021,HOU,1,0
00-0036671,Dax Milne,WR,22,2021,WAS,14,5
00-0036671,Dax Milne,WR,23,2022,WAS,16,10
00-0031060,De'Anthony Thomas,WR,21,2014,KC,56,33
00-0031060,De'Anthony Thomas,WR,22,2015,KC,44,27
00-0031060,De'Anthony Thomas,WR,23,2016,KC,13,6
00-0031060,De'Anthony Thomas,WR,24,2017,KC,39,25
00-0031060,De'Anthony Thomas,WR,25,2018,KC,12,10
00-0031060,De'Anthony Thomas,WR,26,2019,BAL,0,0
00-0031060,De'Anthony Thomas,WR,26,2019,KC,0,0
00-0031763,DeAndre Carter,WR,25,2018,HOU,40,20
00-0031763,DeAndre Carter,WR,25,2018,PHI,4,2
00-0031763,DeAndre Carter,WR,26,2019,HOU,3,2
00-0031763,DeAndre Carter,WR,26,2019,HOU,27,16
00-0031763,DeAndre Carter,WR,27,2020,HOU,2,1
00-0031763,DeAndre Carter,WR,28,2021,WAS,76,52
00-0031763,DeAndre Carter,WR,29,2022,LAC,111,65
00-0031763,DeAndre Carter,WR,30,2023,LV,10,6
00-0031763,DeAndre Carter,WR,31,2024,CHI,14,5
00-0030564,DeAndre Hopkins,WR,21,2013,HOU,135,83
00-0030564,DeAndre Hopkins,WR,22,2014,HOU,216,140
00-0030564,DeAndre Hopkins,WR,23,2015,HOU,321,210
00-0030564,DeAndre Hopkins,WR,24,2016,HOU,8,2
00-0030564,DeAndre Hopkins,WR,24,2016,HOU,179,101
00-0030564,DeAndre Hopkins,WR,25,2017,HOU,297,201
00-0030564,DeAndre Hopkins,WR,26,2018,HOU,326,210
00-0030564,DeAndre Hopkins,WR,27,2019,HOU,21,12
00-0030564,DeAndre Hopkins,WR,27,2019,HOU,267,163
00-0030564,DeAndre Hopkins,WR,28,2020,ARI,282,167
00-0030564,DeAndre Hopkins,WR,29,2021,ARI,147,105
00-0030564,DeAndre Hopkins,WR,30,2022,ARI,124,70
00-0030564,DeAndre Hopkins,WR,31,2023,TEN,212,137
00-0030564,DeAndre Hopkins,WR,32,2024,KC,10,7
00-0030564,DeAndre Hopkins,WR,32,2024,KC,5,3
00-0030564,DeAndre Hopkins,WR,32,2024,KC,75,44
00-0030564,DeAndre Hopkins,WR,32,2024,TEN,35,20
00-0035848,DeMichael Harris,WR,22,2020,IND,1,0
00-0026189,DeSean Jackson,WR,26,2012,PHI,120,75
00-0026189,DeSean Jackson,WR,27,2013,PHI,265,183
00-0026189,DeSean Jackson,WR,28,2014,WAS,204,148
00-0026189,DeSean Jackson,WR,29,2015,WAS,105,75
00-0026189,DeSean Jackson,WR,30,2016,WAS,176,120
00-0026189,DeSean Jackson,WR,31,2017,TB,131,81
00-0026189,DeSean Jackson,WR,32,2018,TB,137,96
00-0026189,DeSean Jackson,WR,33,2019,PHI,37,28
00-0026189,DeSean Jackson,WR,34,2020,PHI,20,10
00-0026189,DeSean Jackson,WR,35,2021,LA,34,26
00-0026189,DeSean Jackson,WR,35,2021,LV,35,24
00-0026189,DeSean Jackson,WR,36,2022,BAL,2,0
00-0031547,DeVante Parker,WR,22,2015,MIA,91,65
00-0031547,DeVante Parker,WR,23,2016,MIA,144,88
00-0031547,DeVante Parker,WR,24,2017,MIA,118,61
00-0031547,DeVante Parker,WR,25,2018,MIA,53,31
00-0031547,DeVante Parker,WR,26,2019,MIA,238,166
00-0031547,DeVante Parker,WR,27,2020,MIA,162,99
00-0031547,DeVante Parker,WR,28,2021,MIA,92,57
00-0031547,DeVante Parker,WR,29,2022,NE,95,64
00-0031547,DeVante Parker,WR,30,2023,NE,68,35
00-0029673,DeVier Posey,WR,22,2012,HOU,14,11
00-0029673,DeVier Posey,WR,22,2012,HOU,12,6
00-0029673,DeVier Posey,WR,23,2013,HOU,30,16
00-0029673,DeVier Posey,WR,24,2014,HOU,4,3
00-0036912,DeVonta Smith,WR,23,2021,PHI,181,117
00-0036912,DeVonta Smith,WR,24,2022,PHI,41,26
00-0036912,DeVonta Smith,WR,24,2022,PHI,253,158
00-0036912,DeVonta Smith,WR,25,2023,PHI,221,140
00-0036912,DeVonta Smith,WR,26,2024,PHI,32,20
00-0036912,DeVonta Smith,WR,26,2024,PHI,180,116
00-0033839,Dede Westbrook,WR,24,2017,JAX,6,4
00-0033839,Dede Westbrook,WR,24,2017,JAX,50,32
00-0033839,Dede Westbrook,WR,25,2018,JAX,168,102
00-0033839,Dede Westbrook,WR,26,2019,JAX,149,83
00-0033839,Dede Westbrook,WR,27,2020,JAX,1,0
00-0033839,Dede Westbrook,WR,28,2021,MIN,17,7
00-0035719,Deebo Samuel,WR,23,2019,SF,27,17
00-0035719,Deebo Samuel,WR,23,2019,SF,184,127
00-0035719,Deebo Samuel,WR,24,2020,SF,67,39
00-0035719,Deebo Samuel,WR,25,2021,SF,31,24
00-0035719,Deebo Samuel,WR,25,2021,SF,330,253
00-0035719,Deebo Samuel,WR,26,2022,SF,12,5
00-0035719,Deebo Samuel,WR,26,2022,SF,131,84
00-0035719,Deebo Samuel,WR,27,2023,SF,27,14
00-0035719,Deebo Samuel,WR,27,2023,SF,240,180
00-0035719,Deebo Samuel,WR,28,2024,SF,120,76
00-0021192,Deion Branch,WR,33,2012,NE,4,2
00-0021192,Deion Branch,WR,33,2012,NE,18,8
00-0032365,Demarcus Ayers,WR,22,2016,PIT,2,1
00-0032365,Demarcus Ayers,WR,22,2016,PIT,12,7
00-0032775,Demarcus Robinson,WR,23,2017,KC,38,17
00-0032775,Demarcus Robinson,WR,24,2018,KC,4,3
00-0032775,Demarcus Robinson,WR,24,2018,KC,73,51
00-0032775,Demarcus Robinson,WR,25,2019,KC,6,4
00-0032775,Demarcus Robinson,WR,25,2019,KC,97,65
00-0032775,Demarcus Robinson,WR,26,2020,KC,2,1
00-0032775,Demarcus Robinson,WR,26,2020,KC,105,60
00-0032775,Demarcus Robinson,WR,27,2021,KC,-2,-2
00-0032775,Demarcus Robinson,WR,27,2021,KC,69,44
00-0032775,Demarcus Robinson,WR,28,2022,BAL,95,47
00-0032775,Demarcus Robinson,WR,29,2023,LA,84,58
00-0032775,Demarcus Robinson,WR,30,2024,LA,10,7
00-0032775,Demarcus Robinson,WR,30,2024,LA,116,84
00-0038621,Demario Douglas,WR,23,2023,NE,98,49
00-0038621,Demario Douglas,WR,24,2024,NE,144,78
00-0027874,Demaryius Thomas,WR,25,2012,DEN,13,10
00-0027874,Demaryius Thomas,WR,25,2012,DEN,288,194
00-0027874,Demaryius Thomas,WR,26,2013,DEN,74,46
00-0027874,Demaryius Thomas,WR,26,2013,DEN,313,221
00-0027874,Demaryius Thomas,WR,27,2014,DEN,17,12
00-0027874,Demaryius Thomas,WR,27,2014,DEN,327,216
00-0027874,Demaryius Thomas,WR,28,2015,DEN,13,6
00-0027874,Demaryius Thomas,WR,28,2015,DEN,249,144
00-0027874,Demaryius Thomas,WR,29,2016,DEN,218,128
00-0027874,Demaryius Thomas,WR,30,2017,DEN,187,104
00-0027874,Demaryius Thomas,WR,31,2018,DEN,90,54
00-0027874,Demaryius Thomas,WR,31,2018,HOU,53,33
00-0027874,Demaryius Thomas,WR,31,2018,HOU,9,6
00-0027874,Demaryius Thomas,WR,32,2019,NYJ,79,43
00-0028086,Denarius Moore,WR,24,2012,LV,155,104
00-0028086,Denarius Moore,WR,25,2013,LV,138,92
00-0028086,Denarius Moore,WR,26,2014,LV,22,10
00-0037570,Dennis Houston,WR,23,2022,DAL,4,2
00-0036255,Denzel Mims,WR,23,2020,NYJ,44,28
00-0036255,Denzel Mims,WR,24,2021,NYJ,20,13
00-0036255,Denzel Mims,WR,25,2022,NYJ,28,17
00-0034406,Deon Cain,WR,23,2019,IND,9,5
00-0034406,Deon Cain,WR,23,2019,PIT,4,1
00-0034653,Deontay Burnett,WR,21,2018,NYJ,12,7
00-0035215,Deonte Harty,WR,22,2019,NO,12,6
00-0035215,Deonte Harty,WR,23,2020,NO,16,8
00-0035215,Deonte Harty,WR,23,2020,NO,48,28
00-0035215,Deonte Harty,WR,24,2021,NO,92,62
00-0035215,Deonte Harty,WR,25,2022,NO,3,1
00-0035215,Deonte Harty,WR,26,2023,BUF,1,0
00-0035215,Deonte Harty,WR,26,2023,BUF,32,17
00-0038573,Derius Davis,WR,23,2023,LAC,32,17
00-0038573,Derius Davis,WR,24,2024,LAC,40,27
00-0034258,Derrick Willies,WR,24,2018,CLE,9,6
00-0039424,Devaughn Vele,WR,27,2024,DEN,106,66
00-0037487,Deven Thompkins,WR,24,2023,TB,0,0
00-0037487,Deven Thompkins,WR,24,2023,TB,32,15
00-0022929,Devery Henderson,WR,30,2012,NO,55,33
00-0024447,Devin Aromashodu,WR,28,2012,MIN,18,10
00-0036331,Devin Duvernay,WR,23,2020,BAL,43,23
00-0036331,Devin Duvernay,WR,24,2021,BAL,77,44
00-0036331,Devin Duvernay,WR,25,2022,BAL,108,71
00-0036331,Devin Duvernay,WR,26,2023,BAL,7,3
00-0036331,Devin Duvernay,WR,27,2024,JAX,2,1
00-0024272,Devin Hester,WR,30,2012,CHI,50,27
00-0024272,Devin Hester,WR,32,2014,ATL,105,67
00-0031934,Devin Smith,WR,23,2015,NYJ,20,12
00-0031934,Devin Smith,WR,24,2016,NYJ,3,2
00-0031934,Devin Smith,WR,27,2019,DAL,22,17
00-0031310,Devin Street,WR,23,2014,DAL,2,0
00-0031310,Devin Street,WR,24,2015,DAL,19,12
00-0031310,Devin Street,WR,25,2016,IND,3,2
00-0039792,Devontez Walker,WR,23,2024,BAL,9,8
00-0027902,Dez Bryant,WR,24,2012,DAL,292,202
00-0027902,Dez Bryant,WR,25,2013,DAL,285,192
00-0027902,Dez Bryant,WR,26,2014,DAL,15,9
00-0027902,Dez Bryant,WR,26,2014,DAL,306,218
00-0027902,Dez Bryant,WR,27,2015,DAL,79,48
00-0027902,Dez Bryant,WR,28,2016,DAL,34,25
00-0027902,Dez Bryant,WR,28,2016,DAL,177,127
00-0027902,Dez Bryant,WR,29,2017,DAL,175,106
00-0027902,Dez Bryant,WR,32,2020,BAL,0,0
00-0027902,Dez Bryant,WR,32,2020,BAL,8,7
00-0036627,Dez Fitzpatrick,WR,24,2021,TEN,2,1
00-0027789,Dezmon Briscoe,WR,23,2012,WAS,4,2
00-0036228,Dezmon Patmon,WR,23,2021,IND,8,7
00-0036228,Dezmon Patmon,WR,24,2022,IND,2,0
00-0035216,Diontae Johnson,WR,23,2019,PIT,154,95
00-0035216,Diontae Johnson,WR,24,2020,PIT,220,132
00-0035216,Diontae Johnson,WR,25,2021,PIT,264,157
00-0035216,Diontae Johnson,WR,26,2022,PIT,165,79
00-0035216,Diontae Johnson,WR,27,2023,PIT,121,83
00-0035216,Diontae Johnson,WR,28,2024,CAR,74,44
00-0031319,Diontae Spencer,WR,27,2019,DEN,7,1
00-0031319,Diontae Spencer,WR,28,2020,DEN,8,4
00-0031319,Diontae Spencer,WR,29,2021,DEN,1,0
00-0024345,Domenik Hixon,WR,28,2012,NYG,108,69
00-0024345,Domenik Hixon,WR,29,2013,CAR,16,10
00-0004541,Donald Driver,WR,37,2012,GB,28,20
00-0026173,Donnie Avery,WR,28,2012,IND,151,91
00-0026173,Donnie Avery,WR,29,2013,KC,107,67
00-0026173,Donnie Avery,WR,30,2014,KC,24,9
00-0036233,Donovan Peoples-Jones,WR,21,2020,CLE,3,2
00-0036233,Donovan Peoples-Jones,WR,21,2020,CLE,54,41
00-0036233,Donovan Peoples-Jones,WR,22,2021,CLE,103,69
00-0036233,Donovan Peoples-Jones,WR,23,2022,CLE,158,97
00-0036233,Donovan Peoples-Jones,WR,24,2023,CLE,16,8
00-0036233,Donovan Peoples-Jones,WR,24,2023,DET,8,4
00-0038393,Dontayvion Wicks,WR,22,2023,GB,0,0
00-0038393,Dontayvion Wicks,WR,22,2023,GB,117,78
00-0038393,Dontayvion Wicks,WR,23,2024,GB,106,68
00-0031339,Donte Moncrief,WR,21,2014,IND,16,11
00-0031339,Donte Moncrief,WR,21,2014,IND,96,64
00-0031339,Donte Moncrief,WR,22,2015,IND,167,103
00-0031339,Donte Moncrief,WR,23,2016,IND,99,69
00-0031339,Donte Moncrief,WR,24,2017,IND,77,51
00-0031339,Donte Moncrief,WR,25,2018,JAX,128,80
00-0031339,Donte Moncrief,WR,26,2019,PIT,4,0
00-0031339,Donte Moncrief,WR,27,2020,NE,0,0
00-0028411,Dontrelle Inman,WR,25,2014,LAC,13,8
00-0028411,Dontrelle Inman,WR,26,2015,LAC,97,62
00-0028411,Dontrelle Inman,WR,27,2016,LAC,155,97
00-0028411,Dontrelle Inman,WR,28,2017,CHI,58,35
00-0028411,Dontrelle Inman,WR,28,2017,LAC,3,1
00-0028411,Dontrelle Inman,WR,29,2018,IND,10,6
00-0028411,Dontrelle Inman,WR,29,2018,IND,76,48
00-0028411,Dontrelle Inman,WR,30,2019,IND,2,1
00-0028411,Dontrelle Inman,WR,30,2019,LAC,21,13
00-0028411,Dontrelle Inman,WR,31,2020,WAS,40,23
00-0032218,Dorial Green-Beckham,WR,22,2015,TEN,103,71
00-0032218,Dorial Green-Beckham,WR,23,2016,PHI,83,47
00-0037238,Drake London,WR,21,2022,ATL,168,96
00-0037238,Drake London,WR,22,2023,ATL,158,92
00-0037238,Drake London,WR,23,2024,ATL,265,165
00-0025410,Dwayne Bowe,WR,28,2012,KC,144,85
00-0025410,Dwayne Bowe,WR,29,2013,KC,152,95
00-0025410,Dwayne Bowe,WR,30,2014,KC,139,79
00-0025410,Dwayne Bowe,WR,31,2015,CLE,8,3
00-0028114,Dwayne Harris,WR,25,2012,DAL,43,26
00-0028114,Dwayne Harris,WR,26,2013,DAL,30,21
00-0028114,Dwayne Harris,WR,27,2014,DAL,2,0
00-0028114,Dwayne Harris,WR,27,2014,DAL,19,12
00-0028114,Dwayne Harris,WR,28,2015,NYG,97,61
00-0028114,Dwayne Harris,WR,29,2016,NYG,8,7
00-0028114,Dwayne Harris,WR,31,2018,LV,11,5
00-0028114,Dwayne Harris,WR,32,2019,LV,2,1
00-0036626,Dyami Brown,WR,22,2021,WAS,28,16
00-0036626,Dyami Brown,WR,23,2022,WAS,33,28
00-0036626,Dyami Brown,WR,24,2023,WAS,31,19
00-0036626,Dyami Brown,WR,25,2024,WAS,20,11
00-0036626,Dyami Brown,WR,25,2024,WAS,66,36
00-0026210,Earl Bennett,WR,25,2012,CHI,70,42
00-0026210,Earl Bennett,WR,26,2013,CHI,78,46
00-0026221,Early Doucet,WR,27,2012,ARI,48,20
00-0026182,Eddie Royal,WR,26,2012,LAC,42,22
00-0026182,Eddie Royal,WR,27,2013,LAC,4,3
00-0026182,Eddie Royal,WR,27,2013,LAC,151,107
00-0026182,Eddie Royal,WR,28,2014,LAC,176,114
00-0026182,Eddie Royal,WR,29,2015,CHI,67,30
00-0026182,Eddie Royal,WR,30,2016,CHI,82,49
00-0038667,Elijah Cooks,WR,25,2023,JAX,7,4
00-0036980,Elijah Moore,WR,21,2021,NYJ,130,87
00-0036980,Elijah Moore,WR,22,2022,NYJ,86,50
00-0036980,Elijah Moore,WR,23,2023,CLE,126,67
00-0036980,Elijah Moore,WR,24,2024,CLE,105,44
00-0027685,Emmanuel Sanders,WR,25,2012,PIT,101,57
00-0027685,Emmanuel Sanders,WR,26,2013,PIT,169,102
00-0027685,Emmanuel Sanders,WR,27,2014,DEN,12,5
00-0027685,Emmanuel Sanders,WR,27,2014,DEN,296,195
00-0027685,Emmanuel Sanders,WR,28,2015,DEN,37,21
00-0027685,Emmanuel Sanders,WR,28,2015,DEN,217,141
00-0027685,Emmanuel Sanders,WR,29,2016,DEN,203,124
00-0027685,Emmanuel Sanders,WR,30,2017,DEN,108,62
00-0027685,Emmanuel Sanders,WR,31,2018,DEN,196,125
00-0027685,Emmanuel Sanders,WR,32,2019,SF,12,7
00-0027685,Emmanuel Sanders,WR,32,2019,DEN,73,43
00-0027685,Emmanuel Sanders,WR,32,2019,SF,12,8
00-0027685,Emmanuel Sanders,WR,32,2019,SF,91,59
00-0027685,Emmanuel Sanders,WR,33,2020,NO,11,5
00-0027685,Emmanuel Sanders,WR,33,2020,NO,147,90
00-0027685,Emmanuel Sanders,WR,34,2021,BUF,3,2
00-0027685,Emmanuel Sanders,WR,34,2021,BUF,130,88
00-0034279,Equanimeous St. Brown,WR,22,2018,GB,54,33
00-0034279,Equanimeous St. Brown,WR,24,2020,GB,6,4
00-0034279,Equanimeous St. Brown,WR,24,2020,GB,25,18
00-0034279,Equanimeous St. Brown,WR,25,2021,GB,0,0
00-0034279,Equanimeous St. Brown,WR,25,2021,GB,17,9
00-0034279,Equanimeous St. Brown,WR,26,2022,CHI,51,32
00-0034279,Equanimeous St. Brown,WR,27,2023,CHI,6,4
00-0027690,Eric Decker,WR,25,2012,DEN,12,6
00-0027690,Eric Decker,WR,25,2012,DEN,263,178
00-0027690,Eric Decker,WR,26,2013,DEN,17,9
00-0027690,Eric Decker,WR,26,2013,DEN,273,186
00-0027690,Eric Decker,WR,27,2014,NYJ,192,118
00-0027690,Eric Decker,WR,28,2015,NYJ,248,168
00-0027690,Eric Decker,WR,29,2016,NYJ,38,29
00-0027690,Eric Decker,WR,30,2017,TEN,14,8
00-0027690,Eric Decker,WR,30,2017,TEN,116,62
00-0038092,Erik Ezukanma,WR,22,2022,MIA,1,0
00-0038092,Erik Ezukanma,WR,23,2023,MIA,2,2
00-0036951,Frank Darby,WR,24,2021,ATL,2,1
00-0036951,Frank Darby,WR,25,2022,ATL,2,2
00-0036247,Freddie Swain,WR,22,2020,SEA,41,28
00-0036247,Freddie Swain,WR,23,2021,SEA,86,62
00-0036247,Freddie Swain,WR,24,2022,DEN,7,5
00-0036196,Gabe Davis,WR,21,2020,BUF,0,0
00-0036196,Gabe Davis,WR,21,2020,BUF,129,94
00-0036196,Gabe Davis,WR,22,2021,BUF,52,44
00-0036196,Gabe Davis,WR,22,2021,BUF,115,83
00-0036196,Gabe Davis,WR,23,2022,BUF,5,3
00-0036196,Gabe Davis,WR,23,2022,BUF,159,111
00-0036196,Gabe Davis,WR,24,2023,BUF,146,101
00-0036196,Gabe Davis,WR,25,2024,JAX,50,30
00-0037740,Garrett Wilson,WR,22,2022,NYJ,213,130
00-0037740,Garrett Wilson,WR,23,2023,NYJ,199,104
00-0037740,Garrett Wilson,WR,24,2024,NYJ,238,137
00-0037247,George Pickens,WR,21,2022,PIT,164,112
00-0037247,George Pickens,WR,22,2023,PIT,203,140
00-0037247,George Pickens,WR,23,2024,PIT,159,100
00-0031953,Geremy Davis,WR,23,2015,NYG,4,2
00-0031953,Geremy Davis,WR,26,2018,LAC,0,0
00-0031953,Geremy Davis,WR,27,2019,LAC,7,4
00-0032626,Geronimo Allison,WR,22,2016,GB,10,6
00-0032626,Geronimo Allison,WR,22,2016,GB,34,24
00-0032626,Geronimo Allison,WR,23,2017,GB,36,16
00-0032626,Geronimo Allison,WR,24,2018,GB,62,42
00-0032626,Geronimo Allison,WR,25,2019,GB,3,0
00-0032626,Geronimo Allison,WR,25,2019,GB,72,38
00-0027891,Golden Tate,WR,24,2012,SEA,22,16
00-0027891,Golden Tate,WR,24,2012,SEA,159,114
00-0027891,Golden Tate,WR,25,2013,SEA,14,6
00-0027891,Golden Tate,WR,25,2013,SEA,183,119
00-0027891,Golden Tate,WR,26,2014,DET,19,13
00-0027891,Golden Tate,WR,26,2014,DET,253,154
00-0027891,Golden Tate,WR,27,2015,DET,204,114
00-0027891,Golden Tate,WR,28,2016,DET,214,123
00-0027891,Golden Tate,WR,29,2017,DET,214,122
00-0027891,Golden Tate,WR,30,2018,PHI,4,2
00-0027891,Golden Tate,WR,30,2018,DET,116,72
00-0027891,Golden Tate,WR,30,2018,PHI,60,30
00-0027891,Golden Tate,WR,31,2019,NYG,140,94
00-0027891,Golden Tate,WR,32,2020,NYG,85,50
00-0035500,Greg Dortch,WR,23,2021,ARI,2,0
00-0035500,Greg Dortch,WR,24,2022,ARI,115,63
00-0035500,Greg Dortch,WR,25,2023,ARI,64,40
00-0035500,Greg Dortch,WR,26,2024,ARI,95,58
00-0024267,Greg Jennings,WR,29,2012,GB,17,11
00-0024267,Greg Jennings,WR,29,2012,GB,93,57
00-0024267,Greg Jennings,WR,30,2013,MIN,160,92
00-0024267,Greg Jennings,WR,31,2014,MIN,163,104
00-0024267,Greg Jennings,WR,32,2015,MIA,44,25
00-0027997,Greg Little,WR,23,2012,CLE,135,82
00-0027997,Greg Little,WR,24,2013,CLE,86,44
00-0027997,Greg Little,WR,25,2014,CIN,0,0
00-0027997,Greg Little,WR,25,2014,CIN,11,5
00-0028050,Greg Salas,WR,25,2013,NYJ,18,10
00-0028050,Greg Salas,WR,26,2014,NYJ,31,23
00-0028050,Greg Salas,WR,27,2015,BUF,7,4
00-0028050,Greg Salas,WR,28,2016,BUF,19,15
00-0033733,Greg Ward,WR,24,2019,PHI,48,27
00-0033733,Greg Ward,WR,25,2020,PHI,127,74
00-0033733,Greg Ward,WR,26,2021,PHI,35,28
00-0035645,Gunner Olszewski,WR,23,2019,NE,5,3
00-0035645,Gunner Olszewski,WR,24,2020,NE,17,13
00-0035645,Gunner Olszewski,WR,25,2021,NE,6,4
00-0035645,Gunner Olszewski,WR,26,2022,PIT,14,9
00-0035645,Gunner Olszewski,WR,27,2023,PIT,-2,-3
00-0035529,Hakeem Butler,WR,24,2020,PHI,0,0
00-0027005,Hakeem Nicks,WR,24,2012,NYG,134,81
00-0027005,Hakeem Nicks,WR,25,2013,NYG,132,76
00-0027005,Hakeem Nicks,WR,26,2014,IND,22,16
00-0027005,Hakeem Nicks,WR,26,2014,IND,98,60
00-0027005,Hakeem Nicks,WR,27,2015,NYG,8,1
00-0026224,Harry Douglas,WR,28,2012,ATL,11,6
00-0026224,Harry Douglas,WR,28,2012,ATL,80,42
00-0026224,Harry Douglas,WR,29,2013,ATL,185,100
00-0026224,Harry Douglas,WR,30,2014,ATL,111,60
00-0026224,Harry Douglas,WR,31,2015,TEN,86,50
00-0026224,Harry Douglas,WR,32,2016,TEN,34,19
00-0036357,Henry Ruggs,WR,21,2020,LV,76,53
00-0036357,Henry Ruggs,WR,22,2021,LV,84,60
00-0034983,Hunter Renfrow,WR,24,2019,LV,132,82
00-0034983,Hunter Renfrow,WR,25,2020,LV,131,75
00-0034983,Hunter Renfrow,WR,26,2021,LV,256,153
00-0034983,Hunter Renfrow,WR,27,2022,LV,57,26
00-0034983,Hunter Renfrow,WR,28,2023,LV,48,22
00-0036635,Ihmir Smith-Marsette,WR,22,2021,MIN,29,24
00-0036635,Ihmir Smith-Marsette,WR,23,2022,CHI,-1,-2
00-0036635,Ihmir Smith-Marsette,WR,24,2023,CAR,26,18
00-0033471,Isaiah Ford,WR,23,2019,MIA,26,11
00-0033471,Isaiah Ford,WR,24,2020,MIA,39,18
00-0033471,Isaiah Ford,WR,25,2021,MIA,39,28
00-0036165,Isaiah Hodgins,WR,24,2022,NYG,1,0
00-0036165,Isaiah Hodgins,WR,24,2022,NYG,87,54
00-0036165,Isaiah Hodgins,WR,25,2023,NYG,59,38
00-0033466,Isaiah McKenzie,WR,22,2017,DEN,5,1
00-0033466,Isaiah McKenzie,WR,23,2018,BUF,47,30
00-0033466,Isaiah McKenzie,WR,24,2019,BUF,63,36
00-0033466,Isaiah McKenzie,WR,25,2020,BUF,11,8
00-0033466,Isaiah McKenzie,WR,25,2020,BUF,96,66
00-0033466,Isaiah McKenzie,WR,26,2021,BUF,3,2
00-0033466,Isaiah McKenzie,WR,26,2021,BUF,54,34
00-0033466,Isaiah McKenzie,WR,27,2022,BUF,3,1
00-0033466,Isaiah McKenzie,WR,27,2022,BUF,116,74
00-0033466,Isaiah McKenzie,WR,28,2023,IND,21,10
00-0036142,Isaiah Wright,WR,23,2020,WAS,48,21
00-0036100,Isaiah Zuber,WR,23,2020,NE,1,1
00-0034922,Ishmael Hyman,WR,24,2019,TB,2,1
00-0034268,J'Mon Moore,WR,23,2018,GB,4,2
00-0035246,J.J. Arcega-Whiteside,WR,23,2019,PHI,31,21
00-0035246,J.J. Arcega-Whiteside,WR,24,2020,PHI,10,6
00-0035246,J.J. Arcega-Whiteside,WR,25,2021,PHI,4,2
00-0034560,J.J. Jones,WR,26,2018,LAC,0,0
00-0032112,J.J. Nelson,WR,23,2015,ARI,6,3
00-0032112,J.J. Nelson,WR,23,2015,ARI,47,36
00-0032112,J.J. Nelson,WR,24,2016,ARI,134,100
00-0032112,J.J. Nelson,WR,25,2017,ARI,82,54
00-0032112,J.J. Nelson,WR,26,2018,ARI,9,2
00-0032112,J.J. Nelson,WR,27,2019,LV,14,10
00-0039907,Ja'Lynn Polk,WR,22,2024,NE,31,19
00-0036110,Ja'Marcus Bradley,WR,25,2021,CLE,4,2
00-0036900,Ja'Marr Chase,WR,21,2021,CIN,46,30
00-0036900,Ja'Marr Chase,WR,21,2021,CIN,292,211
00-0036900,Ja'Marr Chase,WR,22,2022,CIN,31,20
00-0036900,Ja'Marr Chase,WR,22,2022,CIN,232,145
00-0036900,Ja'Marr Chase,WR,23,2023,CIN,252,155
00-0036900,Ja'Marr Chase,WR,24,2024,CIN,389,262
00-0021163,Jabar Gaffney,WR,32,2012,MIA,9,5
00-0039365,Jacob Cowing,WR,23,2024,SF,11,7
00-0027709,Jacoby Ford,WR,26,2013,LV,19,6
00-0025460,Jacoby Jones,WR,28,2012,BAL,30,26
00-0025460,Jacoby Jones,WR,28,2012,BAL,75,45
00-0025460,Jacoby Jones,WR,29,2013,BAL,86,49
00-0025460,Jacoby Jones,WR,30,2014,BAL,1,0
00-0025460,Jacoby Jones,WR,30,2014,BAL,24,15
00-0031560,Jaelen Strong,WR,21,2015,HOU,27,15
00-0031560,Jaelen Strong,WR,22,2016,HOU,25,11
00-0036877,Jaelon Darden,WR,22,2021,TB,9,3
00-0036877,Jaelon Darden,WR,23,2022,TB,5,3
00-0037741,Jahan Dotson,WR,22,2022,WAS,121,86
00-0037741,Jahan Dotson,WR,23,2023,WAS,111,62
00-0037741,Jahan Dotson,WR,24,2024,PHI,6,4
00-0037741,Jahan Dotson,WR,24,2024,PHI,42,23
00-0038752,Jake Bobo,WR,25,2023,SEA,55,36
00-0038752,Jake Bobo,WR,26,2024,SEA,30,17
00-0031787,Jake Kumerow,WR,26,2018,GB,22,15
00-0031787,Jake Kumerow,WR,27,2019,GB,3,2
00-0031787,Jake Kumerow,WR,27,2019,GB,38,26
00-0031787,Jake Kumerow,WR,28,2020,BUF,9,8
00-0031787,Jake Kumerow,WR,29,2021,BUF,5,3
00-0031787,Jake Kumerow,WR,30,2022,BUF,10,6
00-0032791,Jakeem Grant,WR,24,2016,MIA,0,0
00-0032791,Jakeem Grant,WR,25,2017,MIA,46,34
00-0032791,Jakeem Grant,WR,26,2018,MIA,58,37
00-0032791,Jakeem Grant,WR,27,2019,MIA,38,19
00-0032791,Jakeem Grant,WR,28,2020,MIA,77,41
00-0032791,Jakeem Grant,WR,29,2021,CHI,36,27
00-0032791,Jakeem Grant,WR,29,2021,MIA,-2,-4
00-0034960,Jakobi Meyers,WR,23,2019,NE,62,36
00-0034960,Jakobi Meyers,WR,24,2020,NE,140,81
00-0034960,Jakobi Meyers,WR,25,2021,NE,175,92
00-0034960,Jakobi Meyers,WR,26,2022,NE,178,111
00-0034960,Jakobi Meyers,WR,27,2023,LV,213,142
00-0034960,Jakobi Meyers,WR,28,2024,LV,174,101
00-0034267,Jaleel Scott,WR,24,2019,BAL,2,1
00-0038640,Jalen Brooks,WR,23,2023,DAL,12,6
00-0038640,Jalen Brooks,WR,24,2024,DAL,32,20
00-0035414,Jalen Guyton,WR,23,2020,LAC,93,65
00-0035414,Jalen Guyton,WR,24,2021,LAC,83,60
00-0035414,Jalen Guyton,WR,25,2022,LAC,8,6
00-0035414,Jalen Guyton,WR,26,2023,LAC,25,15
00-0039855,Jalen McMillan,WR,23,2024,TB,123,86
00-0037291,Jalen Nailor,WR,23,2022,MIN,31,22
00-0037291,Jalen Nailor,WR,24,2023,MIN,3,1
00-0037291,Jalen Nailor,WR,25,2024,MIN,105,77
00-0036387,Jalen Reagor,WR,21,2020,PHI,64,36
00-0036387,Jalen Reagor,WR,22,2021,PHI,74,41
00-0036387,Jalen Reagor,WR,23,2022,MIN,23,15
00-0036387,Jalen Reagor,WR,24,2023,NE,16,10
00-0031053,Jalen Saunders,WR,22,2014,NO,2,1
00-0037666,Jalen Tolbert,WR,23,2022,DAL,2,1
00-0037666,Jalen Tolbert,WR,24,2023,DAL,59,37
00-0037666,Jalen Tolbert,WR,25,2024,DAL,148,99
00-0034489,Jalen Tolliver,WR,23,2018,ARI,2,2
00-0037387,Jalen Virgil,WR,24,2022,DEN,16,14
00-0038938,Jalin Hyatt,WR,22,2023,NYG,56,33
00-0038938,Jalin Hyatt,WR,23,2024,NYG,10,2
00-0032694,Jalin Marshall,WR,21,2016,NYJ,33,20
00-0033572,Jamal Agnew,WR,22,2017,DET,5,3
00-0033572,Jamal Agnew,WR,23,2018,DET,2,2
00-0033572,Jamal Agnew,WR,24,2019,DET,2,1
00-0033572,Jamal Agnew,WR,25,2020,DET,25,12
00-0033572,Jamal Agnew,WR,26,2021,JAX,70,46
00-0033572,Jamal Agnew,WR,27,2022,JAX,0,-2
00-0033572,Jamal Agnew,WR,27,2022,JAX,68,45
00-0033572,Jamal Agnew,WR,28,2023,JAX,13,4
00-0039379,Jamari Thrash,WR,24,2024,CLE,5,2
00-0025465,James Jones,WR,28,2012,GB,19,15
00-0025465,James Jones,WR,28,2012,GB,222,158
00-0025465,James Jones,WR,29,2013,GB,150,91
00-0025465,James Jones,WR,30,2014,LV,171,98
00-0025465,James Jones,WR,31,2015,GB,0,0
00-0025465,James Jones,WR,31,2015,GB,177,127
00-0036133,James Proche,WR,24,2020,BAL,-2,-3
00-0036133,James Proche,WR,25,2021,BAL,34,18
00-0036133,James Proche,WR,26,2022,BAL,12,4
00-0036133,James Proche,WR,27,2023,CLE,-2,-2
00-0034676,James Washington,WR,22,2018,PIT,44,28
00-0034676,James Washington,WR,23,2019,PIT,122,78
00-0034676,James Washington,WR,24,2020,PIT,95,65
00-0034676,James Washington,WR,25,2021,PIT,12,10
00-0034676,James Washington,WR,25,2021,PIT,64,40
00-0031291,James Wright,WR,23,2014,CIN,13,8
00-0031291,James Wright,WR,25,2016,CIN,23,10
00-0037240,Jameson Williams,WR,21,2022,DET,4,4
00-0037240,Jameson Williams,WR,22,2023,DET,26,22
00-0037240,Jameson Williams,WR,22,2023,DET,74,52
00-0037240,Jameson Williams,WR,23,2024,DET,11,10
00-0037240,Jameson Williams,WR,23,2024,DET,94,66
00-0031941,Jamison Crowder,WR,22,2015,WAS,130,71
00-0031941,Jamison Crowder,WR,23,2016,WAS,184,118
00-0031941,Jamison Crowder,WR,24,2017,WAS,155,89
00-0031941,Jamison Crowder,WR,25,2018,WAS,81,52
00-0031941,Jamison Crowder,WR,26,2019,NYJ,188,110
00-0031941,Jamison Crowder,WR,27,2020,NYJ,168,109
00-0031941,Jamison Crowder,WR,28,2021,NYJ,101,50
00-0031941,Jamison Crowder,WR,29,2022,BUF,10,4
00-0031941,Jamison Crowder,WR,30,2023,WAS,38,22
00-0031941,Jamison Crowder,WR,31,2024,WAS,6,3
00-0031941,Jamison Crowder,WR,31,2024,WAS,2,0
00-0031021,Jared Abbrederis,WR,25,2015,GB,8,4
00-0031021,Jared Abbrederis,WR,25,2015,GB,20,11
00-0031021,Jared Abbrederis,WR,26,2016,GB,2,1
00-0031021,Jared Abbrederis,WR,27,2017,DET,7,4
00-0029572,Jarius Wright,WR,23,2012,MIN,64,42
00-0029572,Jarius Wright,WR,24,2013,MIN,85,59
00-0029572,Jarius Wright,WR,25,2014,MIN,116,74
00-0029572,Jarius Wright,WR,26,2015,MIN,69,37
00-0029572,Jarius Wright,WR,27,2016,MIN,24,13
00-0029572,Jarius Wright,WR,28,2017,MIN,17,11
00-0029572,Jarius Wright,WR,28,2017,MIN,50,32
00-0029572,Jarius Wright,WR,29,2018,CAR,93,50
00-0029572,Jarius Wright,WR,30,2019,CAR,47,19
00-0031382,Jarvis Landry,WR,22,2014,MIA,181,97
00-0031382,Jarvis Landry,WR,23,2015,MIA,261,151
00-0031382,Jarvis Landry,WR,24,2016,MIA,226,132
00-0031382,Jarvis Landry,WR,25,2017,MIA,250,138
00-0031382,Jarvis Landry,WR,26,2018,CLE,210,129
00-0031382,Jarvis Landry,WR,27,2019,CLE,221,138
00-0031382,Jarvis Landry,WR,28,2020,CLE,13,6
00-0031382,Jarvis Landry,WR,28,2020,CLE,172,105
00-0031382,Jarvis Landry,WR,29,2021,CLE,107,64
00-0031382,Jarvis Landry,WR,30,2022,NO,54,29
00-0024324,Jason Avant,WR,29,2012,PHI,112,59
00-0024324,Jason Avant,WR,30,2013,PHI,88,50
00-0024324,Jason Avant,WR,31,2014,CAR,45,24
00-0024324,Jason Avant,WR,31,2014,KC,28,15
00-0024324,Jason Avant,WR,32,2015,KC,11,7
00-0024324,Jason Avant,WR,32,2015,KC,27,12
00-0038492,Jason Brownlee,WR,24,2023,NYJ,15,10
00-0035432,Jason Moore,WR,24,2019,LAC,0,0
00-0036259,Jauan Jennings,WR,24,2021,SF,4,1
00-0036259,Jauan Jennings,WR,24,2021,SF,80,56
00-0036259,Jauan Jennings,WR,25,2022,SF,5,3
00-0036259,Jauan Jennings,WR,25,2022,SF,69,38
00-0036259,Jauan Jennings,WR,26,2023,SF,34,24
00-0036259,Jauan Jennings,WR,26,2023,SF,50,30
00-0036259,Jauan Jennings,WR,27,2024,SF,204,128
00-0039853,Javon Baker,WR,22,2024,NE,2,1
00-0034426,Javon Wims,WR,24,2018,CHI,7,3
00-0034426,Javon Wims,WR,25,2019,CHI,39,21
00-0034426,Javon Wims,WR,26,2020,CHI,17,11
00-0034499,Jawill Davis,WR,23,2018,NYG,3,1
00-0038543,Jaxon Smith-Njigba,WR,21,2023,SEA,146,83
00-0038543,Jaxon Smith-Njigba,WR,22,2024,SEA,245,145
00-0039146,Jayden Reed,WR,23,2023,GB,8,4
00-0039146,Jayden Reed,WR,23,2023,GB,213,149
00-0039146,Jayden Reed,WR,24,2024,GB,196,141
00-0033006,Jaydon Mickens,WR,23,2017,JAX,26,20
00-0033006,Jaydon Mickens,WR,26,2020,TB,13,6
00-0033006,Jaydon Mickens,WR,27,2021,JAX,-2,-2
00-0036613,Jaylen Waddle,WR,23,2021,MIA,209,115
00-0036613,Jaylen Waddle,WR,24,2022,MIA,254,179
00-0036613,Jaylen Waddle,WR,25,2023,MIA,193,121
00-0036613,Jaylen Waddle,WR,26,2024,MIA,142,84
00-0031001,Jeff Janis,WR,23,2014,GB,4,2
00-0031001,Jeff Janis,WR,24,2015,GB,34,26
00-0031001,Jeff Janis,WR,24,2015,GB,8,6
00-0031001,Jeff Janis,WR,25,2016,GB,0,0
00-0031001,Jeff Janis,WR,25,2016,GB,36,25
00-0031001,Jeff Janis,WR,26,2017,GB,3,1
00-0035510,Jeff Smith,WR,23,2020,NYJ,9,2
00-0035510,Jeff Smith,WR,24,2021,NYJ,19,11
00-0035510,Jeff Smith,WR,25,2022,NYJ,19,11
00-0033464,Jehu Chesson,WR,24,2017,KC,4,2
00-0033464,Jehu Chesson,WR,25,2018,WAS,1,0
00-0028091,Jeremy Kerley,WR,24,2012,NYJ,142,86
00-0028091,Jeremy Kerley,WR,25,2013,NYJ,98,59
00-0028091,Jeremy Kerley,WR,26,2014,NYJ,86,48
00-0028091,Jeremy Kerley,WR,27,2015,NYJ,43,27
00-0028091,Jeremy Kerley,WR,28,2016,SF,141,77
00-0028091,Jeremy Kerley,WR,29,2017,NYJ,48,26
00-0028091,Jeremy Kerley,WR,30,2018,BUF,3,1
00-0026995,Jeremy Maclin,WR,24,2012,PHI,188,119
00-0026995,Jeremy Maclin,WR,26,2014,PHI,263,178
00-0026995,Jeremy Maclin,WR,27,2015,KC,4,2
00-0026995,Jeremy Maclin,WR,27,2015,KC,238,151
00-0026995,Jeremy Maclin,WR,28,2016,KC,5,3
00-0026995,Jeremy Maclin,WR,28,2016,KC,103,60
00-0026995,Jeremy Maclin,WR,29,2017,BAL,98,58
00-0039810,Jermaine Burton,WR,23,2024,CIN,15,11
00-0026186,Jerome Simpson,WR,26,2012,MIN,39,17
00-0026186,Jerome Simpson,WR,27,2013,MIN,115,67
00-0026186,Jerome Simpson,WR,29,2015,SF,6,4
00-0028021,Jerrel Jernigan,WR,23,2012,NYG,4,1
00-0028021,Jerrel Jernigan,WR,24,2013,NYG,84,55
00-0028021,Jerrel Jernigan,WR,25,2014,NYG,10,4
00-0022811,Jerricho Cotchery,WR,30,2012,PIT,38,20
00-0022811,Jerricho Cotchery,WR,31,2013,PIT,160,114
00-0022811,Jerricho Cotchery,WR,32,2014,CAR,8,2
00-0022811,Jerricho Cotchery,WR,32,2014,CAR,109,61
00-0022811,Jerricho Cotchery,WR,33,2015,CAR,13,6
00-0022811,Jerricho Cotchery,WR,33,2015,CAR,105,66
00-0036407,Jerry Jeudy,WR,21,2020,DEN,144,92
00-0036407,Jerry Jeudy,WR,22,2021,DEN,57,31
00-0036407,Jerry Jeudy,WR,23,2022,DEN,200,133
00-0036407,Jerry Jeudy,WR,24,2023,DEN,136,82
00-0036407,Jerry Jeudy,WR,25,2024,CLE,231,141
00-0039392,Jha'Quan Jackson,WR,24,2024,TEN,1,0
00-0029271,Joe Adams,WR,23,2012,CAR,3,2
00-0036377,Joe Reed,WR,22,2020,LAC,9,9
00-0031051,John Brown,WR,24,2014,ARI,7,3
00-0031051,John Brown,WR,24,2014,ARI,141,93
00-0031051,John Brown,WR,25,2015,ARI,10,3
00-0031051,John Brown,WR,25,2015,ARI,198,134
00-0031051,John Brown,WR,26,2016,ARI,96,57
00-0031051,John Brown,WR,27,2017,ARI,66,45
00-0031051,John Brown,WR,28,2018,BAL,140,98
00-0031051,John Brown,WR,29,2019,BUF,216,144
00-0031051,John Brown,WR,30,2020,BUF,17,7
00-0031051,John Brown,WR,30,2020,BUF,80,51
00-0036398,John Hightower,WR,24,2020,PHI,17,7
00-0037614,John Metchie,WR,23,2023,HOU,32,16
00-0037614,John Metchie,WR,24,2024,HOU,39,22
00-0033460,John Ross,WR,22,2017,CIN,-2,-2
00-0033460,John Ross,WR,23,2018,CIN,75,54
00-0033460,John Ross,WR,24,2019,CIN,68,50
00-0033460,John Ross,WR,25,2020,CIN,4,2
00-0033460,John Ross,WR,26,2021,NYG,22,15
00-0035597,John Ursua,WR,25,2019,SEA,2,1
00-0032935,Johnny Holton,WR,25,2016,LV,7,5
00-0032935,Johnny Holton,WR,26,2017,LV,37,28
00-0032935,Johnny Holton,WR,28,2019,PIT,4,1
00-0039236,Johnny Wilson,WR,23,2024,PHI,0,0
00-0039236,Johnny Wilson,WR,23,2024,PHI,15,10
00-0039062,Jonathan Mingo,WR,22,2023,CAR,81,38
00-0039062,Jonathan Mingo,WR,23,2024,CAR,20,8
00-0039062,Jonathan Mingo,WR,23,2024,DAL,8,4
00-0038994,Jordan Addison,WR,21,2023,MIN,205,135
00-0038994,Jordan Addison,WR,22,2024,MIN,208,146
00-0032974,Jordan Payton,WR,23,2016,CLE,1,0
00-0027687,Jordan Shipley,WR,27,2012,JAX,45,26
00-0039751,Jordan Whittington,WR,24,2024,LA,2,1
00-0039751,Jordan Whittington,WR,24,2024,LA,52,30
00-0026176,Jordy Nelson,WR,27,2012,GB,8,3
00-0026176,Jordy Nelson,WR,27,2012,GB,164,114
00-0026176,Jordy Nelson,WR,28,2013,GB,254,169
00-0026176,Jordy Nelson,WR,29,2014,GB,16,9
00-0026176,Jordy Nelson,WR,29,2014,GB,326,228
00-0026176,Jordy Nelson,WR,31,2016,GB,17,11
00-0026176,Jordy Nelson,WR,31,2016,GB,302,205
00-0026176,Jordy Nelson,WR,32,2017,GB,125,72
00-0026176,Jordy Nelson,WR,33,2018,LV,151,88
00-0030474,Josh Boyce,WR,22,2013,NE,19,10
00-0032760,Josh Doctson,WR,24,2016,WAS,9,7
00-0032760,Josh Doctson,WR,25,2017,WAS,116,81
00-0032760,Josh Doctson,WR,26,2018,WAS,99,55
00-0038997,Josh Downs,WR,22,2023,IND,155,87
00-0038997,Josh Downs,WR,23,2024,IND,176,104
00-0030990,Josh Huff,WR,23,2014,PHI,12,4
00-0030990,Josh Huff,WR,24,2015,PHI,74,47
00-0030990,Josh Huff,WR,25,2016,PHI,27,14
00-0030990,Josh Huff,WR,25,2016,TB,4,2
00-0033859,Josh Malone,WR,21,2017,CIN,16,10
00-0033859,Josh Malone,WR,22,2018,CIN,0,-1
00-0033859,Josh Malone,WR,24,2020,NYJ,7,3
00-0026314,Josh Morgan,WR,27,2012,WAS,108,60
00-0026314,Josh Morgan,WR,28,2013,WAS,41,21
00-0026314,Josh Morgan,WR,29,2014,CHI,22,12
00-0036988,Josh Palmer,WR,22,2021,LAC,89,56
00-0036988,Josh Palmer,WR,23,2022,LAC,163,91
00-0036988,Josh Palmer,WR,24,2023,LAC,73,44
00-0036988,Josh Palmer,WR,25,2024,LAC,94,58
00-0033943,Josh Reynolds,WR,22,2017,LA,27,16
00-0033943,Josh Reynolds,WR,23,2018,LA,23,15
00-0033943,Josh Reynolds,WR,23,2018,LA,92,63
00-0033943,Josh Reynolds,WR,24,2019,LA,60,39
00-0033943,Josh Reynolds,WR,25,2020,LA,10,6
00-0033943,Josh Reynolds,WR,25,2020,LA,122,70
00-0033943,Josh Reynolds,WR,26,2021,DET,60,42
00-0033943,Josh Reynolds,WR,26,2021,TEN,19,9
00-0033943,Josh Reynolds,WR,27,2022,DET,102,64
00-0033943,Josh Reynolds,WR,28,2023,DET,14,11
00-0033943,Josh Reynolds,WR,28,2023,DET,126,86
00-0033943,Josh Reynolds,WR,29,2024,DEN,36,24
00-0033857,JuJu Smith-Schuster,WR,21,2017,PIT,10,6
00-0033857,JuJu Smith-Schuster,WR,21,2017,PIT,172,120
00-0033857,JuJu Smith-Schuster,WR,22,2018,PIT,282,171
00-0033857,JuJu Smith-Schuster,WR,23,2019,PIT,106,64
00-0033857,JuJu Smith-Schuster,WR,24,2020,PIT,221,124
00-0033857,JuJu Smith-Schuster,WR,25,2021,PIT,33,18
00-0033857,JuJu Smith-Schuster,WR,26,2022,KC,19,9
00-0033857,JuJu Smith-Schuster,WR,26,2022,KC,177,99
00-0033857,JuJu Smith-Schuster,WR,27,2023,NE,53,24
00-0033857,JuJu Smith-Schuster,WR,28,2024,KC,12,8
00-0033857,JuJu Smith-Schuster,WR,28,2024,KC,51,33
00-0027150,Julian Edelman,WR,26,2012,NE,64,43
00-0027150,Julian Edelman,WR,27,2013,NE,39,23
00-0027150,Julian Edelman,WR,27,2013,NE,246,141
00-0027150,Julian Edelman,WR,28,2014,NE,68,42
00-0027150,Julian Edelman,WR,28,2014,NE,223,131
00-0027150,Julian Edelman,WR,29,2015,NE,33,16
00-0027150,Julian Edelman,WR,29,2015,NE,168,106
00-0027150,Julian Edelman,WR,30,2016,NE,61,40
00-0027150,Julian Edelman,WR,30,2016,NE,229,131
00-0027150,Julian Edelman,WR,32,2018,NE,64,38
00-0027150,Julian Edelman,WR,32,2018,NE,191,124
00-0027150,Julian Edelman,WR,33,2019,NE,246,146
00-0027150,Julian Edelman,WR,34,2020,NE,50,29
00-0027944,Julio Jones,WR,23,2012,ATL,53,36
00-0027944,Julio Jones,WR,23,2012,ATL,256,177
00-0027944,Julio Jones,WR,24,2013,ATL,105,64
00-0027944,Julio Jones,WR,25,2014,ATL,248,154
00-0027944,Julio Jones,WR,26,2015,ATL,364,228
00-0027944,Julio Jones,WR,27,2016,ATL,70,51
00-0027944,Julio Jones,WR,27,2016,ATL,219,147
00-0027944,Julio Jones,WR,28,2017,ATL,19,10
00-0027944,Julio Jones,WR,28,2017,ATL,246,158
00-0027944,Julio Jones,WR,29,2018,ATL,318,205
00-0027944,Julio Jones,WR,30,2019,ATL,252,158
00-0027944,Julio Jones,WR,31,2020,ATL,90,57
00-0027944,Julio Jones,WR,32,2021,TEN,10,4
00-0027944,Julio Jones,WR,32,2021,TEN,52,30
00-0027944,Julio Jones,WR,33,2022,TB,70,46
00-0027944,Julio Jones,WR,34,2023,PHI,25,16
00-0029702,Juron Criner,WR,23,2012,LV,35,19
00-0029702,Juron Criner,WR,24,2013,LV,6,3
00-0029707,Justin Blackmon,WR,22,2012,JAX,165,104
00-0029707,Justin Blackmon,WR,23,2013,JAX,48,24
00-0031570,Justin Hardy,WR,24,2015,ATL,34,13
00-0031570,Justin Hardy,WR,25,2016,ATL,4,2
00-0031570,Justin Hardy,WR,25,2016,ATL,65,44
00-0031570,Justin Hardy,WR,26,2017,ATL,0,0
00-0031570,Justin Hardy,WR,26,2017,ATL,60,40
00-0031570,Justin Hardy,WR,27,2018,ATL,37,23
00-0031570,Justin Hardy,WR,28,2019,ATL,38,20
00-0030521,Justin Hunter,WR,22,2013,TEN,77,59
00-0030521,Justin Hunter,WR,23,2014,TEN,88,60
00-0030521,Justin Hunter,WR,24,2015,TEN,54,32
00-0030521,Justin Hunter,WR,25,2016,BUF,44,34
00-0030521,Justin Hunter,WR,26,2017,PIT,10,6
00-0030521,Justin Hunter,WR,27,2018,PIT,5,2
00-0036322,Justin Jefferson,WR,21,2020,MIN,262,174
00-0036322,Justin Jefferson,WR,22,2021,MIN,325,217
00-0036322,Justin Jefferson,WR,23,2022,MIN,357,229
00-0036322,Justin Jefferson,WR,24,2023,MIN,155,102
00-0036322,Justin Jefferson,WR,25,2024,MIN,307,204
00-0034386,Justin Watson,WR,22,2018,TB,2,0
00-0034386,Justin Watson,WR,23,2019,TB,39,24
00-0034386,Justin Watson,WR,24,2020,TB,12,5
00-0034386,Justin Watson,WR,26,2022,KC,6,3
00-0034386,Justin Watson,WR,26,2022,KC,56,42
00-0034386,Justin Watson,WR,27,2023,KC,11,7
00-0034386,Justin Watson,WR,27,2023,KC,82,55
00-0034386,Justin Watson,WR,28,2024,KC,0,0
00-0034386,Justin Watson,WR,28,2024,KC,63,41
00-0037216,Justyn Ross,WR,24,2023,KC,10,5
00-0035593,Juwann Winfree,WR,25,2021,GB,4,0
00-0035593,Juwann Winfree,WR,26,2022,GB,3,2
00-0035593,Juwann Winfree,WR,27,2023,IND,0,0
00-0036412,K.J. Hamler,WR,21,2020,DEN,81,53
00-0036412,K.J. Hamler,WR,22,2021,DEN,12,7
00-0036412,K.J. Hamler,WR,23,2022,DEN,24,17
00-0036382,K.J. Hill,WR,23,2020,LAC,14,7
00-0036382,K.J. Hill,WR,24,2021,LAC,6,3
00-0036345,K.J. Osborn,WR,24,2021,MIN,152,102
00-0036345,K.J. Osborn,WR,25,2022,MIN,152,92
00-0036345,K.J. Osborn,WR,26,2023,MIN,114,66
00-0036345,K.J. Osborn,WR,27,2024,NE,19,12
00-0036913,Kadarius Toney,WR,22,2021,NYG,76,41
00-0036913,Kadarius Toney,WR,23,2022,KC,19,12
00-0036913,Kadarius Toney,WR,23,2022,KC,55,41
00-0036913,Kadarius Toney,WR,23,2022,NYG,4,2
00-0036913,Kadarius Toney,WR,24,2023,KC,49,22
00-0032115,Kaelin Clay,WR,25,2017,BUF,4,3
00-0032115,Kaelin Clay,WR,25,2017,CAR,12,8
00-0032464,Kalif Raymond,WR,22,2016,DEN,0,0
00-0032464,Kalif Raymond,WR,25,2019,TEN,12,10
00-0032464,Kalif Raymond,WR,25,2019,TEN,18,12
00-0032464,Kalif Raymond,WR,26,2020,TEN,25,16
00-0032464,Kalif Raymond,WR,27,2021,DET,109,65
00-0032464,Kalif Raymond,WR,28,2022,DET,109,62
00-0032464,Kalif Raymond,WR,29,2023,DET,97,62
00-0032464,Kalif Raymond,WR,30,2024,DET,48,32
00-0038608,Kayshon Boutte,WR,21,2023,NE,4,2
00-0038608,Kayshon Boutte,WR,22,2024,NE,115,73
00-0035287,KeeSean Johnson,WR,23,2019,ARI,41,20
00-0035287,KeeSean Johnson,WR,24,2020,ARI,28,15
00-0033681,Keelan Cole,WR,24,2017,JAX,11,8
00-0033681,Keelan Cole,WR,24,2017,JAX,126,84
00-0033681,Keelan Cole,WR,25,2018,JAX,83,45
00-0033681,Keelan Cole,WR,26,2019,JAX,77,53
00-0033681,Keelan Cole,WR,27,2020,JAX,147,92
00-0033681,Keelan Cole,WR,28,2021,NYJ,67,40
00-0033681,Keelan Cole,WR,29,2022,LV,28,19
00-0035120,Keelan Doss,WR,23,2019,LV,24,13
00-0030279,Keenan Allen,WR,21,2013,LAC,32,26
00-0030279,Keenan Allen,WR,21,2013,LAC,215,144
00-0030279,Keenan Allen,WR,22,2014,LAC,162,85
00-0030279,Keenan Allen,WR,23,2015,LAC,160,92
00-0030279,Keenan Allen,WR,24,2016,LAC,12,6
00-0030279,Keenan Allen,WR,25,2017,LAC,274,172
00-0030279,Keenan Allen,WR,26,2018,LAC,14,12
00-0030279,Keenan Allen,WR,26,2018,LAC,253,156
00-0030279,Keenan Allen,WR,27,2019,LAC,246,142
00-0030279,Keenan Allen,WR,28,2020,LAC,231,131
00-0030279,Keenan Allen,WR,29,2021,LAC,228,128
00-0030279,Keenan Allen,WR,30,2022,LAC,159,93
00-0030279,Keenan Allen,WR,31,2023,LAC,276,168
00-0030279,Keenan Allen,WR,32,2024,CHI,184,114
00-0034317,Keith Kirkwood,WR,25,2018,NO,9,7
00-0034317,Keith Kirkwood,WR,25,2018,NO,31,23
00-0034317,Keith Kirkwood,WR,30,2023,NO,15,10
00-0031600,Keith Mumphery,WR,23,2015,HOU,25,11
00-0031600,Keith Mumphery,WR,24,2016,HOU,2,1
00-0031600,Keith Mumphery,WR,24,2016,HOU,17,7
00-0034366,Keke Coutee,WR,21,2018,HOU,59,31
00-0034366,Keke Coutee,WR,22,2019,HOU,48,26
00-0034366,Keke Coutee,WR,23,2020,HOU,85,52
00-0034366,Keke Coutee,WR,25,2022,IND,0,-1
00-0031359,Kelvin Benjamin,WR,23,2014,CAR,34,23
00-0031359,Kelvin Benjamin,WR,23,2014,CAR,219,146
00-0031359,Kelvin Benjamin,WR,25,2016,CAR,190,127
00-0031359,Kelvin Benjamin,WR,26,2017,BUF,33,21
00-0031359,Kelvin Benjamin,WR,26,2017,CAR,88,56
00-0031359,Kelvin Benjamin,WR,27,2018,BUF,50,27
00-0031359,Kelvin Benjamin,WR,27,2018,KC,5,3
00-0035297,Kelvin Harmon,WR,23,2019,WAS,63,33
00-0035864,Kendall Hinton,WR,24,2021,DEN,34,20
00-0035864,Kendall Hinton,WR,25,2022,DEN,40,22
00-0029708,Kendall Wright,WR,23,2012,TEN,144,80
00-0029708,Kendall Wright,WR,24,2013,TEN,206,112
00-0029708,Kendall Wright,WR,25,2014,TEN,163,106
00-0029708,Kendall Wright,WR,26,2015,TEN,87,53
00-0029708,Kendall Wright,WR,27,2016,TEN,86,57
00-0029708,Kendall Wright,WR,28,2017,CHI,124,65
00-0033307,Kendrick Bourne,WR,22,2017,SF,38,22
00-0033307,Kendrick Bourne,WR,23,2018,SF,111,69
00-0033307,Kendrick Bourne,WR,24,2019,SF,21,15
00-0033307,Kendrick Bourne,WR,24,2019,SF,94,64
00-0033307,Kendrick Bourne,WR,25,2020,SF,119,74
00-0033307,Kendrick Bourne,WR,26,2021,NE,180,124
00-0033307,Kendrick Bourne,WR,27,2022,NE,84,49
00-0033307,Kendrick Bourne,WR,28,2023,NE,93,56
00-0033307,Kendrick Bourne,WR,29,2024,NE,61,36
00-0027006,Kenny Britt,WR,24,2012,TEN,108,70
00-0027006,Kenny Britt,WR,25,2013,TEN,19,8
00-0027006,Kenny Britt,WR,26,2014,LA,132,84
00-0027006,Kenny Britt,WR,27,2015,LA,114,78
00-0027006,Kenny Britt,WR,28,2016,LA,189,121
00-0027006,Kenny Britt,WR,29,2017,CLE,47,31
00-0027006,Kenny Britt,WR,29,2017,NE,1,0
00-0033932,Kenny Golladay,WR,24,2017,DET,93,65
00-0033932,Kenny Golladay,WR,25,2018,DET,203,133
00-0033932,Kenny Golladay,WR,26,2019,DET,237,172
00-0033932,Kenny Golladay,WR,27,2020,DET,66,46
00-0033932,Kenny Golladay,WR,28,2021,NYG,83,46
00-0033932,Kenny Golladay,WR,29,2022,NYG,20,14
00-0030085,Kenny Stills,WR,21,2013,NO,125,93
00-0030085,Kenny Stills,WR,22,2014,NO,96,65
00-0030085,Kenny Stills,WR,23,2015,MIA,85,58
00-0030085,Kenny Stills,WR,24,2016,MIA,157,115
00-0030085,Kenny Stills,WR,25,2017,MIA,163,105
00-0030085,Kenny Stills,WR,26,2018,MIA,134,97
00-0030085,Kenny Stills,WR,27,2019,HOU,17,14
00-0030085,Kenny Stills,WR,27,2019,HOU,118,78
00-0030085,Kenny Stills,WR,28,2020,HOU,29,18
00-0030085,Kenny Stills,WR,29,2021,NO,10,7
00-0039901,Keon Coleman,WR,21,2024,BUF,4,2
00-0039901,Keon Coleman,WR,21,2024,BUF,106,76
00-0029415,Keshawn Martin,WR,22,2012,HOU,24,14
00-0029415,Keshawn Martin,WR,23,2013,HOU,55,33
00-0029415,Keshawn Martin,WR,24,2014,HOU,12,6
00-0029415,Keshawn Martin,WR,25,2015,NE,8,6
00-0029415,Keshawn Martin,WR,25,2015,NE,51,30
00-0021931,Kevin Walter,WR,31,2012,HOU,4,2
00-0021931,Kevin Walter,WR,31,2012,HOU,101,60
00-0031545,Kevin White,WR,24,2016,CHI,37,18
00-0031545,Kevin White,WR,25,2017,CHI,3,1
00-0031545,Kevin White,WR,26,2018,CHI,13,9
00-0034854,KhaDarel Hodge,WR,23,2018,LA,4,2
00-0034854,KhaDarel Hodge,WR,24,2019,CLE,10,6
00-0034854,KhaDarel Hodge,WR,25,2020,CLE,22,14
00-0034854,KhaDarel Hodge,WR,26,2021,DET,25,12
00-0034854,KhaDarel Hodge,WR,27,2022,ATL,39,26
00-0034854,KhaDarel Hodge,WR,28,2023,ATL,33,19
00-0034854,KhaDarel Hodge,WR,29,2024,ATL,26,19
00-0037261,Khalil Shakir,WR,22,2022,BUF,6,4
00-0037261,Khalil Shakir,WR,22,2022,BUF,32,22
00-0037261,Khalil Shakir,WR,23,2023,BUF,17,10
00-0037261,Khalil Shakir,WR,23,2023,BUF,113,74
00-0037261,Khalil Shakir,WR,24,2024,BUF,23,11
00-0037261,Khalil Shakir,WR,24,2024,BUF,180,104
00-0033604,Krishawn Hogan,WR,24,2019,NO,1,0
00-0037273,Kyle Philips,WR,23,2022,TEN,16,8
00-0037273,Kyle Philips,WR,24,2023,TEN,4,2
00-0029548,LaVon Brazill,WR,23,2012,IND,34,23
00-0029548,LaVon Brazill,WR,24,2013,IND,17,15
00-0029548,LaVon Brazill,WR,24,2013,IND,38,26
00-0039915,Ladd McConkey,WR,23,2024,LAC,177,114
00-0037055,Lance McCutcheon,WR,23,2022,LA,0,0
00-0032951,Laquon Treadwell,WR,21,2016,MIN,0,0
00-0032951,Laquon Treadwell,WR,22,2017,MIN,0,0
00-0032951,Laquon Treadwell,WR,22,2017,MIN,36,16
00-0032951,Laquon Treadwell,WR,23,2018,MIN,67,32
00-0032951,Laquon Treadwell,WR,24,2019,MIN,33,24
00-0032951,Laquon Treadwell,WR,25,2020,ATL,23,17
00-0032951,Laquon Treadwell,WR,26,2021,JAX,78,46
00-0032951,Laquon Treadwell,WR,27,2022,SEA,4,2
00-0022921,Larry Fitzgerald,WR,29,2012,ARI,151,80
00-0022921,Larry Fitzgerald,WR,30,2013,ARI,221,139
00-0022921,Larry Fitzgerald,WR,31,2014,ARI,2,-1
00-0022921,Larry Fitzgerald,WR,31,2014,ARI,150,87
00-0022921,Larry Fitzgerald,WR,32,2015,ARI,39,27
00-0022921,Larry Fitzgerald,WR,32,2015,ARI,274,166
00-0022921,Larry Fitzgerald,WR,33,2016,ARI,237,130
00-0022921,Larry Fitzgerald,WR,34,2017,ARI,256,147
00-0022921,Larry Fitzgerald,WR,35,2018,ARI,180,111
00-0022921,Larry Fitzgerald,WR,36,2019,ARI,170,96
00-0022921,Larry Fitzgerald,WR,37,2020,ARI,94,42
00-0031834,Larry Pinkard,WR,25,2017,JAX,2,0
00-0025462,Laurent Robinson,WR,27,2012,JAX,35,16
00-0026266,Lavelle Hawkins,WR,26,2012,TEN,11,6
00-0036268,Laviska Shenault,WR,22,2020,JAX,157,99
00-0036268,Laviska Shenault,WR,23,2021,JAX,108,52
00-0036268,Laviska Shenault,WR,24,2022,CAR,71,45
00-0036268,Laviska Shenault,WR,25,2023,CAR,22,12
00-0036268,Laviska Shenault,WR,26,2024,SEA,9,4
00-0028017,Leonard Hankerson,WR,24,2012,WAS,111,73
00-0028017,Leonard Hankerson,WR,25,2013,WAS,82,52
00-0028017,Leonard Hankerson,WR,26,2014,WAS,0,0
00-0028017,Leonard Hankerson,WR,27,2015,ATL,77,51
00-0033060,Leonte Carroo,WR,22,2016,MIA,10,7
00-0033060,Leonte Carroo,WR,23,2017,MIA,10,3
00-0033060,Leonte Carroo,WR,24,2018,MIA,19,17
00-0035406,Lil'Jordan Humphrey,WR,21,2019,NO,0,0
00-0035406,Lil'Jordan Humphrey,WR,22,2020,NO,3,2
00-0035406,Lil'Jordan Humphrey,WR,23,2021,NO,40,28
00-0035406,Lil'Jordan Humphrey,WR,24,2022,NE,2,1
00-0035406,Lil'Jordan Humphrey,WR,25,2023,DEN,37,27
00-0035406,Lil'Jordan Humphrey,WR,26,2024,DEN,59,28
00-0027089,Louis Murphy,WR,25,2012,CAR,63,38
00-0027089,Louis Murphy,WR,26,2013,NYG,9,3
00-0027089,Louis Murphy,WR,27,2014,TB,77,46
00-0027089,Louis Murphy,WR,28,2015,TB,30,20
00-0027089,Louis Murphy,WR,30,2017,SF,17,11
00-0039355,Luke McCaffrey,WR,23,2024,WAS,0,0
00-0039355,Luke McCaffrey,WR,23,2024,WAS,31,13
00-0036364,Lynn Bowden,WR,23,2020,MIA,49,22
00-0036364,Lynn Bowden,WR,26,2023,NO,22,12
00-0033555,Mack Hollins,WR,24,2017,PHI,2,1
00-0033555,Mack Hollins,WR,24,2017,PHI,43,27
00-0033555,Mack Hollins,WR,26,2019,MIA,0,0
00-0033555,Mack Hollins,WR,26,2019,PHI,22,12
00-0033555,Mack Hollins,WR,27,2020,MIA,37,21
00-0033555,Mack Hollins,WR,28,2021,MIA,58,44
00-0033555,Mack Hollins,WR,29,2022,LV,148,91
00-0033555,Mack Hollins,WR,30,2023,ATL,42,25
00-0033555,Mack Hollins,WR,31,2024,BUF,18,14
00-0033555,Mack Hollins,WR,31,2024,BUF,99,68
00-0039920,Malachi Corley,WR,22,2024,NYJ,4,1
00-0032400,Malcolm Mitchell,WR,23,2016,NE,14,8
00-0032400,Malcolm Mitchell,WR,23,2016,NE,94,62
00-0038465,Malik Heath,WR,23,2023,GB,34,18
00-0038465,Malik Heath,WR,24,2024,GB,32,22
00-0039337,Malik Nabers,WR,21,2024,NYG,268,159
00-0035480,Malik Taylor,WR,25,2020,GB,18,14
00-0035480,Malik Taylor,WR,26,2021,GB,3,1
00-0035480,Malik Taylor,WR,28,2023,NYJ,2,1
00-0034867,Malik Turner,WR,22,2018,SEA,4,2
00-0034867,Malik Turner,WR,23,2019,SEA,0,0
00-0034867,Malik Turner,WR,23,2019,SEA,46,30
00-0034867,Malik Turner,WR,25,2021,DAL,43,31
00-0039880,Malik Washington,WR,23,2024,MIA,57,31
00-0034747,Marcell Ateman,WR,24,2018,LV,36,21
00-0034747,Marcell Ateman,WR,25,2019,LV,13,8
00-0032980,Marcus Johnson,WR,23,2017,PHI,6,2
00-0032980,Marcus Johnson,WR,24,2018,IND,22,16
00-0032980,Marcus Johnson,WR,25,2019,IND,55,39
00-0032980,Marcus Johnson,WR,26,2020,IND,10,5
00-0032980,Marcus Johnson,WR,27,2021,TEN,15,9
00-0032980,Marcus Johnson,WR,28,2022,NYG,3,2
00-0032980,Marcus Johnson,WR,28,2022,NYG,7,4
00-0033481,Marcus Kemp,WR,23,2018,KC,2,1
00-0033481,Marcus Kemp,WR,25,2020,KC,2,1
00-0033481,Marcus Kemp,WR,26,2021,KC,2,0
00-0031962,Mario Alford,WR,23,2015,CIN,2,2
00-0026235,Mario Manningham,WR,26,2012,SF,94,52
00-0026235,Mario Manningham,WR,27,2013,SF,14,4
00-0030460,Markus Wheaton,WR,22,2013,PIT,10,4
00-0030460,Markus Wheaton,WR,23,2014,PIT,12,7
00-0030460,Markus Wheaton,WR,23,2014,PIT,128,75
00-0030460,Markus Wheaton,WR,24,2015,PIT,8,3
00-0030460,Markus Wheaton,WR,24,2015,PIT,141,97
00-0030460,Markus Wheaton,WR,25,2016,PIT,15,11
00-0030460,Markus Wheaton,WR,26,2017,CHI,6,3
00-0031431,Marqise Lee,WR,23,2014,JAX,84,47
00-0031431,Marqise Lee,WR,24,2015,JAX,44,29
00-0031431,Marqise Lee,WR,25,2016,JAX,166,103
00-0031431,Marqise Lee,WR,26,2017,JAX,14,7
00-0031431,Marqise Lee,WR,26,2017,JAX,140,84
00-0031431,Marqise Lee,WR,28,2019,JAX,5,2
00-0024466,Marques Colston,WR,29,2012,NO,244,161
00-0024466,Marques Colston,WR,30,2013,NO,31,20
00-0024466,Marques Colston,WR,30,2013,NO,174,106
00-0024466,Marques Colston,WR,31,2014,NO,168,109
00-0024466,Marques Colston,WR,32,2015,NO,115,70
00-0030047,Marquess Wilson,WR,21,2013,CHI,3,1
00-0030047,Marquess Wilson,WR,22,2014,CHI,30,15
00-0030047,Marquess Wilson,WR,23,2015,CHI,76,48
00-0030047,Marquess Wilson,WR,24,2016,CHI,26,18
00-0036219,Marquez Callaway,WR,22,2020,NO,0,0
00-0036219,Marquez Callaway,WR,22,2020,NO,37,19
00-0036219,Marquez Callaway,WR,23,2021,NO,150,104
00-0036219,Marquez Callaway,WR,24,2022,NO,34,18
00-0034272,Marquez Valdes-Scantling,WR,24,2018,GB,111,73
00-0034272,Marquez Valdes-Scantling,WR,25,2019,GB,2,1
00-0034272,Marquez Valdes-Scantling,WR,25,2019,GB,82,56
00-0034272,Marquez Valdes-Scantling,WR,26,2020,GB,29,21
00-0034272,Marquez Valdes-Scantling,WR,26,2020,GB,132,99
00-0034272,Marquez Valdes-Scantling,WR,27,2021,GB,75,53
00-0034272,Marquez Valdes-Scantling,WR,28,2022,KC,31,24
00-0034272,Marquez Valdes-Scantling,WR,28,2022,KC,120,78
00-0034272,Marquez Valdes-Scantling,WR,29,2023,KC,23,16
00-0034272,Marquez Valdes-Scantling,WR,29,2023,KC,54,32
00-0034272,Marquez Valdes-Scantling,WR,30,2024,BUF,2,1
00-0034272,Marquez Valdes-Scantling,WR,30,2024,NO,36,25
00-0035662,Marquise Brown,WR,22,2019,BAL,20,13
00-0035662,Marquise Brown,WR,22,2019,BAL,146,100
00-0035662,Marquise Brown,WR,23,2020,BAL,13,9
00-0035662,Marquise Brown,WR,23,2020,BAL,175,117
00-0035662,Marquise Brown,WR,24,2021,BAL,219,128
00-0035662,Marquise Brown,WR,25,2022,ARI,131,70
00-0035662,Marquise Brown,WR,26,2023,ARI,131,80
00-0035662,Marquise Brown,WR,27,2024,KC,8,3
00-0035662,Marquise Brown,WR,27,2024,KC,9,5
00-0030068,Marquise Goodwin,WR,23,2013,BUF,58,41
00-0030068,Marquise Goodwin,WR,24,2014,BUF,2,1
00-0030068,Marquise Goodwin,WR,25,2015,BUF,4,2
00-0030068,Marquise Goodwin,WR,26,2016,BUF,80,51
00-0030068,Marquise Goodwin,WR,27,2017,SF,165,109
00-0030068,Marquise Goodwin,WR,28,2018,SF,79,56
00-0030068,Marquise Goodwin,WR,29,2019,SF,38,26
00-0030068,Marquise Goodwin,WR,31,2021,CHI,55,35
00-0030068,Marquise Goodwin,WR,32,2022,SEA,88,61
00-0030068,Marquise Goodwin,WR,33,2023,CLE,5,2
00-0031373,Martavis Bryant,WR,23,2014,PIT,18,13
00-0031373,Martavis Bryant,WR,23,2014,PIT,128,102
00-0031373,Martavis Bryant,WR,24,2015,PIT,28,19
00-0031373,Martavis Bryant,WR,24,2015,PIT,131,87
00-0031373,Martavis Bryant,WR,26,2017,PIT,16,14
00-0031373,Martavis Bryant,WR,26,2017,PIT,126,76
00-0031373,Martavis Bryant,WR,27,2018,LV,34,19
00-0033094,Marvin Hall,WR,24,2017,ATL,-2,-2
00-0033094,Marvin Hall,WR,25,2018,ATL,31,21
00-0033094,Marvin Hall,WR,26,2019,DET,38,31
00-0033094,Marvin Hall,WR,27,2020,CLE,2,1
00-0033094,Marvin Hall,WR,27,2020,DET,58,41
00-0039849,Marvin Harrison,WR,22,2024,ARI,188,126
00-0029293,Marvin Jones,WR,22,2012,CIN,47,29
00-0029293,Marvin Jones,WR,23,2013,CIN,183,132
00-0029293,Marvin Jones,WR,25,2015,CIN,168,103
00-0029293,Marvin Jones,WR,26,2016,DET,172,117
00-0029293,Marvin Jones,WR,27,2017,DET,219,158
00-0029293,Marvin Jones,WR,28,2018,DET,112,77
00-0029293,Marvin Jones,WR,29,2019,DET,184,122
00-0029293,Marvin Jones,WR,30,2020,DET,220,144
00-0029293,Marvin Jones,WR,31,2021,JAX,174,101
00-0029293,Marvin Jones,WR,32,2022,JAX,3,2
00-0029293,Marvin Jones,WR,32,2022,JAX,113,67
00-0029293,Marvin Jones,WR,33,2023,DET,6,0
00-0038976,Marvin Mims,WR,21,2023,DEN,67,45
00-0038976,Marvin Mims,WR,22,2024,DEN,125,86
00-0031315,Matt Hazel,WR,23,2015,MIA,0,0
00-0031315,Matt Hazel,WR,25,2017,IND,1,0
00-0026293,Matt Slater,WR,28,2013,NE,0,0
00-0026293,Matt Slater,WR,30,2015,NE,0,0
00-0026293,Matt Slater,WR,31,2016,NE,0,0
00-0032362,Maurice Harris,WR,24,2016,WAS,13,5
00-0032362,Maurice Harris,WR,25,2017,WAS,3,1
00-0032362,Maurice Harris,WR,26,2018,WAS,53,25
00-0035140,Mecole Hardman,WR,21,2019,KC,6,2
00-0035140,Mecole Hardman,WR,21,2019,KC,118,92
00-0035140,Mecole Hardman,WR,22,2020,KC,26,18
00-0035140,Mecole Hardman,WR,22,2020,KC,121,80
00-0035140,Mecole Hardman,WR,23,2021,KC,29,25
00-0035140,Mecole Hardman,WR,23,2021,KC,137,78
00-0035140,Mecole Hardman,WR,24,2022,KC,4,2
00-0035140,Mecole Hardman,WR,24,2022,KC,94,69
00-0035140,Mecole Hardman,WR,25,2023,KC,14,9
00-0035140,Mecole Hardman,WR,25,2023,KC,0,-1
00-0035140,Mecole Hardman,WR,25,2023,KC,11,4
00-0035140,Mecole Hardman,WR,25,2023,NYJ,2,1
00-0035140,Mecole Hardman,WR,26,2024,KC,33,21
00-0036959,Michael Bandy,WR,25,2022,LAC,10,4
00-0031025,Michael Campanaro,WR,23,2014,BAL,8,4
00-0031025,Michael Campanaro,WR,23,2014,BAL,23,16
00-0031025,Michael Campanaro,WR,24,2015,BAL,16,11
00-0031025,Michael Campanaro,WR,25,2016,BAL,3,3
00-0031025,Michael Campanaro,WR,26,2017,BAL,44,26
00-0033352,Michael Clark,WR,22,2017,GB,2,0
00-0026986,Michael Crabtree,WR,25,2012,SF,64,44
00-0026986,Michael Crabtree,WR,25,2012,SF,246,161
00-0026986,Michael Crabtree,WR,26,2013,SF,13,6
00-0026986,Michael Crabtree,WR,26,2013,SF,43,26
00-0026986,Michael Crabtree,WR,27,2014,SF,158,90
00-0026986,Michael Crabtree,WR,28,2015,LV,229,144
00-0026986,Michael Crabtree,WR,29,2016,LV,233,144
00-0026986,Michael Crabtree,WR,30,2017,LV,128,84
00-0026986,Michael Crabtree,WR,31,2018,BAL,129,75
00-0026986,Michael Crabtree,WR,32,2019,ARI,6,2
00-0029638,Michael Floyd,WR,23,2012,ARI,108,63
00-0029638,Michael Floyd,WR,24,2013,ARI,185,120
00-0029638,Michael Floyd,WR,25,2014,ARI,2,1
00-0029638,Michael Floyd,WR,25,2014,ARI,158,111
00-0029638,Michael Floyd,WR,26,2015,ARI,20,14
00-0029638,Michael Floyd,WR,26,2015,ARI,169,117
00-0029638,Michael Floyd,WR,27,2016,NE,0,-1
00-0029638,Michael Floyd,WR,27,2016,ARI,94,61
00-0029638,Michael Floyd,WR,27,2016,NE,14,10
00-0029638,Michael Floyd,WR,28,2017,MIN,0,0
00-0029638,Michael Floyd,WR,28,2017,MIN,12,5
00-0029638,Michael Floyd,WR,29,2018,WAS,24,14
00-0034764,Michael Gallup,WR,22,2018,DAL,18,12
00-0034764,Michael Gallup,WR,22,2018,DAL,92,59
00-0034764,Michael Gallup,WR,23,2019,DAL,209,143
00-0034764,Michael Gallup,WR,24,2020,DAL,173,114
00-0034764,Michael Gallup,WR,25,2021,DAL,84,52
00-0034764,Michael Gallup,WR,26,2022,DAL,-2,-2
00-0034764,Michael Gallup,WR,26,2022,DAL,97,58
00-0034764,Michael Gallup,WR,27,2023,DAL,84,50
00-0022781,Michael Jenkins,WR,30,2012,MIN,83,46
00-0036252,Michael Pittman,WR,23,2020,IND,97,57
00-0036252,Michael Pittman,WR,24,2021,IND,231,143
00-0036252,Michael Pittman,WR,25,2022,IND,210,110
00-0036252,Michael Pittman,WR,26,2023,IND,227,123
00-0036252,Michael Pittman,WR,27,2024,IND,157,88
00-0032765,Michael Thomas,WR,24,2017,NO,26,18
00-0032765,Michael Thomas,WR,24,2017,NO,10,4
00-0032765,Michael Thomas,WR,25,2018,NO,43,27
00-0032765,Michael Thomas,WR,25,2018,NO,245,148
00-0032765,Michael Thomas,WR,26,2019,NO,375,226
00-0032765,Michael Thomas,WR,27,2020,NO,16,11
00-0032765,Michael Thomas,WR,27,2020,NO,82,42
00-0032765,Michael Thomas,WR,30,2023,NO,88,49
00-0035374,Michael Walker,WR,23,2019,JAX,4,2
00-0038559,Michael Wilson,WR,23,2023,ARI,108,70
00-0038559,Michael Wilson,WR,24,2024,ARI,118,70
00-0031408,Mike Evans,WR,21,2014,TB,233,165
00-0031408,Mike Evans,WR,22,2015,TB,200,126
00-0031408,Mike Evans,WR,23,2016,TB,284,188
00-0031408,Mike Evans,WR,24,2017,TB,179,113
00-0031408,Mike Evans,WR,25,2018,TB,267,181
00-0031408,Mike Evans,WR,26,2019,TB,215,148
00-0031408,Mike Evans,WR,27,2020,TB,20,14
00-0031408,Mike Evans,WR,27,2020,TB,245,175
00-0031408,Mike Evans,WR,28,2021,TB,26,18
00-0031408,Mike Evans,WR,28,2021,TB,256,182
00-0031408,Mike Evans,WR,29,2022,TB,163,102
00-0031408,Mike Evans,WR,30,2023,TB,27,19
00-0031408,Mike Evans,WR,30,2023,TB,276,198
00-0031408,Mike Evans,WR,31,2024,TB,230,156
00-0036482,Mike Strachan,WR,24,2021,IND,5,3
00-0036482,Mike Strachan,WR,25,2022,IND,9,6
00-0027076,Mike Thomas,WR,25,2012,DET,20,15
00-0027076,Mike Thomas,WR,25,2012,JAX,21,8
00-0033114,Mike Thomas,WR,22,2016,LA,7,4
00-0033114,Mike Thomas,WR,23,2017,LA,12,8
00-0033114,Mike Thomas,WR,25,2019,LA,3,1
00-0033114,Mike Thomas,WR,26,2020,CIN,29,16
00-0033114,Mike Thomas,WR,27,2021,CIN,3,2
00-0033114,Mike Thomas,WR,27,2021,CIN,10,5
00-0033114,Mike Thomas,WR,28,2022,CIN,4,2
00-0026901,Mike Wallace,WR,26,2012,PIT,183,119
00-0026901,Mike Wallace,WR,27,2013,MIA,183,110
00-0026901,Mike Wallace,WR,28,2014,MIA,210,143
00-0026901,Mike Wallace,WR,29,2015,MIN,76,46
00-0026901,Mike Wallace,WR,30,2016,BAL,195,123
00-0026901,Mike Wallace,WR,31,2017,BAL,147,95
00-0026901,Mike Wallace,WR,32,2018,PHI,0,0
00-0027702,Mike Williams,WR,25,2012,TB,212,149
00-0027702,Mike Williams,WR,26,2013,TB,56,34
00-0027702,Mike Williams,WR,27,2014,BUF,28,20
00-0033536,Mike Williams,WR,23,2017,LAC,19,9
00-0033536,Mike Williams,WR,24,2018,LAC,12,7
00-0033536,Mike Williams,WR,24,2018,LAC,176,133
00-0033536,Mike Williams,WR,25,2019,LAC,145,96
00-0033536,Mike Williams,WR,26,2020,LAC,150,102
00-0033536,Mike Williams,WR,27,2021,LAC,202,138
00-0033536,Mike Williams,WR,28,2022,LAC,172,110
00-0033536,Mike Williams,WR,29,2023,LAC,50,31
00-0033536,Mike Williams,WR,30,2024,NYJ,25,13
00-0033536,Mike Williams,WR,30,2024,PIT,10,9
00-0033536,Mike Williams,WR,30,2024,PIT,18,10
00-0035703,Miles Boykin,WR,23,2019,BAL,4,1
00-0035703,Miles Boykin,WR,23,2019,BAL,51,38
00-0035703,Miles Boykin,WR,24,2020,BAL,5,2
00-0035703,Miles Boykin,WR,24,2020,BAL,68,49
00-0035703,Miles Boykin,WR,26,2022,PIT,3,1
00-0035703,Miles Boykin,WR,27,2023,PIT,5,2
00-0027026,Mohamed Massaquoi,WR,26,2012,CLE,39,23
00-0029632,Mohamed Sanu,WR,23,2012,CIN,66,50
00-0029632,Mohamed Sanu,WR,24,2013,CIN,102,55
00-0029632,Mohamed Sanu,WR,25,2014,CIN,6,3
00-0029632,Mohamed Sanu,WR,25,2014,CIN,175,119
00-0029632,Mohamed Sanu,WR,26,2015,CIN,88,54
00-0029632,Mohamed Sanu,WR,27,2016,ATL,36,25
00-0029632,Mohamed Sanu,WR,27,2016,ATL,138,82
00-0029632,Mohamed Sanu,WR,28,2017,ATL,8,5
00-0029632,Mohamed Sanu,WR,28,2017,ATL,160,99
00-0029632,Mohamed Sanu,WR,29,2018,ATL,181,115
00-0029632,Mohamed Sanu,WR,30,2019,ATL,67,34
00-0029632,Mohamed Sanu,WR,30,2019,NE,47,23
00-0029632,Mohamed Sanu,WR,30,2019,NE,4,2
00-0029632,Mohamed Sanu,WR,31,2020,DET,21,11
00-0029632,Mohamed Sanu,WR,32,2021,SF,33,18
00-0037272,Montrell Washington,WR,23,2022,DEN,7,3
00-0035624,N'Keal Harry,WR,22,2019,NE,37,25
00-0035624,N'Keal Harry,WR,23,2020,NE,69,36
00-0035624,N'Keal Harry,WR,24,2021,NE,24,14
00-0035624,N'Keal Harry,WR,25,2022,CHI,25,18
00-0021999,Nate Burleson,WR,31,2012,DET,68,41
00-0021999,Nate Burleson,WR,32,2013,DET,86,47
00-0031549,Nelson Agholor,WR,22,2015,PHI,54,31
00-0031549,Nelson Agholor,WR,23,2016,PHI,80,44
00-0031549,Nelson Agholor,WR,24,2017,PHI,35,20
00-0031549,Nelson Agholor,WR,24,2017,PHI,184,122
00-0031549,Nelson Agholor,WR,25,2018,PHI,3,2
00-0031549,Nelson Agholor,WR,25,2018,PHI,164,100
00-0031549,Nelson Agholor,WR,26,2019,PHI,91,52
00-0031549,Nelson Agholor,WR,27,2020,LV,180,132
00-0031549,Nelson Agholor,WR,28,2021,NE,97,60
00-0031549,Nelson Agholor,WR,29,2022,NE,67,36
00-0031549,Nelson Agholor,WR,30,2023,BAL,14,11
00-0031549,Nelson Agholor,WR,30,2023,BAL,95,60
00-0031549,Nelson Agholor,WR,31,2024,BAL,0,0
00-0031549,Nelson Agholor,WR,31,2024,BAL,49,35
00-0029667,Nick Toon,WR,25,2013,NO,9,5
00-0029667,Nick Toon,WR,26,2014,NO,33,19
00-0036182,Nick Westbrook-Ikhine,WR,23,2020,TEN,4,1
00-0036182,Nick Westbrook-Ikhine,WR,24,2021,TEN,-2,-2
00-0036182,Nick Westbrook-Ikhine,WR,24,2021,TEN,89,55
00-0036182,Nick Westbrook-Ikhine,WR,25,2022,TEN,79,54
00-0036182,Nick Westbrook-Ikhine,WR,26,2023,TEN,83,55
00-0036182,Nick Westbrook-Ikhine,WR,27,2024,TEN,130,98
00-0036554,Nico Collins,WR,22,2021,HOU,71,44
00-0036554,Nico Collins,WR,23,2022,HOU,79,47
00-0036554,Nico Collins,WR,24,2023,HOU,12,7
00-0036554,Nico Collins,WR,24,2023,HOU,254,174
00-0036554,Nico Collins,WR,25,2024,HOU,13,8
00-0036554,Nico Collins,WR,25,2024,HOU,128,88
00-0033591,Noah Brown,WR,21,2017,DAL,7,3
00-0033591,Noah Brown,WR,22,2018,DAL,2,1
00-0033591,Noah Brown,WR,22,2018,DAL,10,5
00-0033591,Noah Brown,WR,24,2020,DAL,30,16
00-0033591,Noah Brown,WR,25,2021,DAL,34,18
00-0033591,Noah Brown,WR,26,2022,DAL,4,2
00-0033591,Noah Brown,WR,26,2022,DAL,106,62
00-0033591,Noah Brown,WR,27,2023,HOU,96,65
00-0033591,Noah Brown,WR,28,2024,WAS,84,49
00-0031235,Odell Beckham,WR,22,2014,NYG,293,202
00-0031235,Odell Beckham,WR,23,2015,NYG,303,212
00-0031235,Odell Beckham,WR,24,2016,NYG,292,191
00-0031235,Odell Beckham,WR,25,2017,NYG,72,47
00-0031235,Odell Beckham,WR,26,2018,NYG,228,151
00-0031235,Odell Beckham,WR,27,2019,CLE,202,127
00-0031235,Odell Beckham,WR,28,2020,CLE,85,62
00-0031235,Odell Beckham,WR,29,2021,LA,46,29
00-0031235,Odell Beckham,WR,29,2021,CLE,42,25
00-0031235,Odell Beckham,WR,29,2021,LA,2,0
00-0031235,Odell Beckham,WR,29,2021,LA,80,55
00-0031235,Odell Beckham,WR,31,2023,BAL,7,3
00-0031235,Odell Beckham,WR,31,2023,BAL,104,70
00-0031235,Odell Beckham,WR,32,2024,MIA,14,6
00-0035006,Olabisi Johnson,WR,22,2019,MIN,79,48
00-0035006,Olabisi Johnson,WR,23,2020,MIN,31,17
00-0035208,Olamide Zaccheaus,WR,22,2019,ATL,20,18
00-0035208,Olamide Zaccheaus,WR,23,2020,ATL,51,31
00-0035208,Olamide Zaccheaus,WR,24,2021,ATL,86,55
00-0035208,Olamide Zaccheaus,WR,25,2022,ATL,109,69
00-0035208,Olamide Zaccheaus,WR,26,2023,PHI,38,28
00-0035208,Olamide Zaccheaus,WR,27,2024,WAS,7,3
00-0035208,Olamide Zaccheaus,WR,27,2024,WAS,114,69
00-0038606,Parker Washington,WR,21,2023,JAX,18,8
00-0038606,Parker Washington,WR,22,2024,JAX,87,55
00-0035639,Parris Campbell,WR,22,2019,IND,37,19
00-0035639,Parris Campbell,WR,23,2020,IND,13,7
00-0035639,Parris Campbell,WR,24,2021,IND,32,22
00-0035639,Parris Campbell,WR,25,2022,IND,137,74
00-0035639,Parris Campbell,WR,26,2023,NYG,26,6
00-0031257,Paul Richardson,WR,22,2014,SEA,3,2
00-0031257,Paul Richardson,WR,22,2014,SEA,58,29
00-0031257,Paul Richardson,WR,23,2015,SEA,5,4
00-0031257,Paul Richardson,WR,24,2016,SEA,12,8
00-0031257,Paul Richardson,WR,24,2016,SEA,54,33
00-0031257,Paul Richardson,WR,25,2017,SEA,148,104
00-0031257,Paul Richardson,WR,26,2018,WAS,59,39
00-0031257,Paul Richardson,WR,27,2019,WAS,60,32
00-0032841,Paul Turner,WR,23,2016,PHI,22,13
00-0035022,Penny Hart,WR,24,2020,SEA,3,2
00-0035022,Penny Hart,WR,25,2021,SEA,13,6
00-0035022,Penny Hart,WR,26,2022,SEA,5,2
00-0026998,Percy Harvin,WR,24,2012,MIN,140,84
00-0026998,Percy Harvin,WR,25,2013,SEA,12,8
00-0026998,Percy Harvin,WR,26,2014,NYJ,77,48
00-0026998,Percy Harvin,WR,26,2014,SEA,48,26
00-0026998,Percy Harvin,WR,27,2015,BUF,50,31
00-0026998,Percy Harvin,WR,28,2016,BUF,4,2
00-0033111,Pharoh Cooper,WR,21,2016,LA,21,7
00-0033111,Pharoh Cooper,WR,22,2017,LA,20,9
00-0033111,Pharoh Cooper,WR,23,2018,LA,0,0
00-0033111,Pharoh Cooper,WR,24,2019,ARI,45,25
00-0033111,Pharoh Cooper,WR,25,2020,CAR,12,7
00-0033111,Pharoh Cooper,WR,27,2022,ARI,3,1
00-0032208,Phillip Dorsett,WR,22,2015,IND,46,28
00-0032208,Phillip Dorsett,WR,23,2016,IND,93,60
00-0032208,Phillip Dorsett,WR,24,2017,NE,7,5
00-0032208,Phillip Dorsett,WR,24,2017,NE,30,18
00-0032208,Phillip Dorsett,WR,25,2018,NE,24,19
00-0032208,Phillip Dorsett,WR,25,2018,NE,76,44
00-0032208,Phillip Dorsett,WR,26,2019,NE,99,70
00-0032208,Phillip Dorsett,WR,28,2021,HOU,8,6
00-0032208,Phillip Dorsett,WR,29,2022,HOU,48,28
00-0026345,Pierre Garcon,WR,26,2012,WAS,130,86
00-0026345,Pierre Garcon,WR,27,2013,WAS,262,150
00-0026345,Pierre Garcon,WR,28,2014,WAS,153,85
00-0026345,Pierre Garcon,WR,29,2015,WAS,176,104
00-0026345,Pierre Garcon,WR,30,2016,WAS,197,118
00-0026345,Pierre Garcon,WR,31,2017,SF,88,48
00-0026345,Pierre Garcon,WR,32,2018,SF,57,33
00-0019642,Plaxico Burress,WR,35,2012,PIT,13,10
00-0035350,Preston Williams,WR,22,2019,MIA,86,54
00-0035350,Preston Williams,WR,23,2020,MIA,67,49
00-0035350,Preston Williams,WR,24,2021,MIA,12,7
00-0039075,Puka Nacua,WR,22,2023,LA,292,188
00-0039075,Puka Nacua,WR,23,2024,LA,26,15
00-0039075,Puka Nacua,WR,23,2024,LA,186,114
00-0038544,Quentin Johnston,WR,22,2023,LAC,92,54
00-0038544,Quentin Johnston,WR,23,2024,LAC,173,118
00-0036271,Quez Watkins,WR,22,2020,PHI,24,17
00-0036271,Quez Watkins,WR,23,2021,PHI,97,59
00-0036271,Quez Watkins,WR,24,2022,PHI,2,1
00-0036271,Quez Watkins,WR,24,2022,PHI,78,44
00-0036271,Quez Watkins,WR,25,2023,PHI,27,15
00-0031023,Quincy Enunwa,WR,23,2015,NYJ,44,26
00-0031023,Quincy Enunwa,WR,24,2016,NYJ,161,103
00-0031023,Quincy Enunwa,WR,26,2018,NYJ,82,44
00-0031023,Quincy Enunwa,WR,27,2019,NYJ,-1,-2
00-0036277,Quintez Cephus,WR,22,2020,DET,67,47
00-0036277,Quintez Cephus,WR,23,2021,DET,47,32
00-0036277,Quintez Cephus,WR,24,2022,DET,4,2
00-0030450,Quinton Patton,WR,23,2013,SF,4,2
00-0030450,Quinton Patton,WR,23,2013,SF,9,6
00-0030450,Quinton Patton,WR,24,2014,SF,6,3
00-0030450,Quinton Patton,WR,25,2015,SF,74,44
00-0030450,Quinton Patton,WR,26,2016,SF,76,39
00-0036652,Racey McMath,WR,22,2021,TEN,0,0
00-0036652,Racey McMath,WR,23,2022,TEN,0,0
00-0038821,Rakim Jarrett,WR,22,2023,TB,10,6
00-0038821,Rakim Jarrett,WR,23,2024,TB,11,6
00-0026902,Ramses Barden,WR,26,2012,NYG,34,20
00-0028002,Randall Cobb,WR,22,2012,GB,10,5
00-0028002,Randall Cobb,WR,22,2012,GB,231,151
00-0028002,Randall Cobb,WR,23,2013,GB,7,5
00-0028002,Randall Cobb,WR,23,2013,GB,85,56
00-0028002,Randall Cobb,WR,24,2014,GB,37,22
00-0028002,Randall Cobb,WR,24,2014,GB,290,199
00-0028002,Randall Cobb,WR,25,2015,GB,0,0
00-0028002,Randall Cobb,WR,25,2015,GB,203,124
00-0028002,Randall Cobb,WR,26,2016,GB,27,14
00-0028002,Randall Cobb,WR,26,2016,GB,137,79
00-0028002,Randall Cobb,WR,27,2017,GB,153,87
00-0028002,Randall Cobb,WR,28,2018,GB,85,47
00-0028002,Randall Cobb,WR,29,2019,DAL,148,93
00-0028002,Randall Cobb,WR,30,2020,HOU,100,62
00-0028002,Randall Cobb,WR,31,2021,GB,96,68
00-0028002,Randall Cobb,WR,32,2022,GB,56,30
00-0028002,Randall Cobb,WR,33,2023,NYJ,2,-2
00-0011754,Randy Moss,WR,35,2012,SF,16,9
00-0011754,Randy Moss,WR,35,2012,SF,83,55
00-0032170,Rashad Greene,WR,23,2015,JAX,34,19
00-0032170,Rashad Greene,WR,24,2016,JAX,6,1
00-0032170,Rashad Greene,WR,26,2018,JAX,7,2
00-0032977,Rashard Higgins,WR,22,2016,CLE,10,4
00-0032977,Rashard Higgins,WR,23,2017,CLE,44,26
00-0032977,Rashard Higgins,WR,24,2018,CLE,113,74
00-0032977,Rashard Higgins,WR,25,2019,CLE,16,12
00-0032977,Rashard Higgins,WR,26,2020,CLE,16,9
00-0032977,Rashard Higgins,WR,26,2020,CLE,109,74
00-0032977,Rashard Higgins,WR,27,2021,CLE,56,32
00-0039067,Rashee Rice,WR,23,2023,KC,32,14
00-0039067,Rashee Rice,WR,23,2023,KC,210,130
00-0039067,Rashee Rice,WR,24,2024,KC,63,39
00-0037545,Rashid Shaheed,WR,24,2022,NO,78,51
00-0037545,Rashid Shaheed,WR,25,2023,NO,146,100
00-0037545,Rashid Shaheed,WR,26,2024,NO,68,48
00-0036550,Rashod Bateman,WR,22,2021,BAL,84,45
00-0036550,Rashod Bateman,WR,23,2022,BAL,50,36
00-0036550,Rashod Bateman,WR,24,2023,BAL,8,4
00-0036550,Rashod Bateman,WR,24,2023,BAL,70,38
00-0036550,Rashod Bateman,WR,25,2024,BAL,15,11
00-0036550,Rashod Bateman,WR,25,2024,BAL,171,126
00-0034407,Ray-Ray McCloud,WR,22,2018,BUF,9,4
00-0034407,Ray-Ray McCloud,WR,24,2020,PIT,34,14
00-0034407,Ray-Ray McCloud,WR,25,2021,PIT,62,24
00-0034407,Ray-Ray McCloud,WR,26,2022,SF,58,44
00-0034407,Ray-Ray McCloud,WR,27,2023,SF,3,2
00-0034407,Ray-Ray McCloud,WR,27,2023,SF,21,12
00-0034407,Ray-Ray McCloud,WR,28,2024,ATL,136,74
00-0020498,Reggie Wayne,WR,34,2012,IND,248,142
00-0020498,Reggie Wayne,WR,35,2013,IND,97,59
00-0020498,Reggie Wayne,WR,36,2014,IND,2,1
00-0020498,Reggie Wayne,WR,36,2014,IND,141,77
00-0033079,Ricardo Louis,WR,22,2016,CLE,36,18
00-0033079,Ricardo Louis,WR,23,2017,CLE,59,32
00-0034286,Richie James,WR,23,2018,SF,24,15
00-0034286,Richie James,WR,24,2019,SF,23,17
00-0034286,Richie James,WR,25,2020,SF,68,45
00-0034286,Richie James,WR,27,2022,NYG,12,5
00-0034286,Richie James,WR,27,2022,NYG,138,82
00-0034286,Richie James,WR,28,2023,KC,0,0
00-0034286,Richie James,WR,28,2023,KC,21,11
00-0039916,Ricky Pearsall,WR,24,2024,SF,53,33
00-0027758,Riley Cooper,WR,25,2012,PHI,66,43
00-0027758,Riley Cooper,WR,26,2013,PHI,174,128
00-0027758,Riley Cooper,WR,27,2014,PHI,118,63
00-0027758,Riley Cooper,WR,28,2015,PHI,56,35
00-0035590,Riley Ridley,WR,23,2019,CHI,13,7
00-0035590,Riley Ridley,WR,24,2020,CHI,8,4
00-0029580,Rishard Matthews,WR,23,2012,MIA,24,13
00-0029580,Rishard Matthews,WR,24,2013,MIA,94,53
00-0029580,Rishard Matthews,WR,25,2014,MIA,36,24
00-0029580,Rishard Matthews,WR,26,2015,MIA,132,89
00-0029580,Rishard Matthews,WR,27,2016,TEN,202,138
00-0029580,Rishard Matthews,WR,28,2017,TEN,6,3
00-0029580,Rishard Matthews,WR,28,2017,TEN,144,91
00-0029580,Rishard Matthews,WR,29,2018,NYJ,3,1
00-0029580,Rishard Matthews,WR,29,2018,TEN,4,1
00-0032688,Robbie Chosen,WR,23,2016,NYJ,102,60
00-0032688,Robbie Chosen,WR,24,2017,NYJ,190,127
00-0032688,Robbie Chosen,WR,25,2018,NYJ,139,93
00-0032688,Robbie Chosen,WR,26,2019,NYJ,154,102
00-0032688,Robbie Chosen,WR,27,2020,CAR,217,122
00-0032688,Robbie Chosen,WR,28,2021,CAR,124,72
00-0032688,Robbie Chosen,WR,29,2022,ARI,0,0
00-0032688,Robbie Chosen,WR,29,2022,ARI,13,6
00-0032688,Robbie Chosen,WR,29,2022,CAR,37,24
00-0032688,Robbie Chosen,WR,30,2023,MIA,9,6
00-0033530,Robert Davis,WR,24,2019,PHI,2,1
00-0033530,Robert Davis,WR,24,2019,WAS,0,-1
00-0034510,Robert Foster,WR,24,2018,BUF,86,62
00-0034510,Robert Foster,WR,25,2019,BUF,10,7
00-0034510,Robert Foster,WR,26,2020,WAS,6,4
00-0031187,Robert Herron,WR,22,2014,TB,18,12
00-0025414,Robert Meachem,WR,28,2012,LAC,40,27
00-0025414,Robert Meachem,WR,29,2013,NO,9,7
00-0025414,Robert Meachem,WR,29,2013,NO,60,44
00-0025414,Robert Meachem,WR,30,2014,NO,12,6
00-0030431,Robert Woods,WR,21,2013,BUF,112,72
00-0030431,Robert Woods,WR,22,2014,BUF,158,93
00-0030431,Robert Woods,WR,23,2015,BUF,113,66
00-0030431,Robert Woods,WR,24,2016,BUF,117,66
00-0030431,Robert Woods,WR,25,2017,LA,23,14
00-0030431,Robert Woods,WR,25,2017,LA,146,96
00-0030431,Robert Woods,WR,26,2018,LA,35,18
00-0030431,Robert Woods,WR,26,2018,LA,260,174
00-0030431,Robert Woods,WR,27,2019,LA,207,123
00-0030431,Robert Woods,WR,28,2020,LA,13,5
00-0030431,Robert Woods,WR,28,2020,LA,231,141
00-0030431,Robert Woods,WR,29,2021,LA,133,88
00-0030431,Robert Woods,WR,30,2022,TEN,112,59
00-0030431,Robert Woods,WR,31,2023,HOU,2,1
00-0030431,Robert Woods,WR,31,2023,HOU,87,47
00-0030431,Robert Woods,WR,32,2024,HOU,37,17
00-0023462,Roddy White,WR,31,2012,ATL,32,20
00-0023462,Roddy White,WR,31,2012,ATL,261,169
00-0023462,Roddy White,WR,32,2013,ATL,149,86
00-0023462,Roddy White,WR,33,2014,ATL,203,123
00-0023462,Roddy White,WR,34,2015,ATL,92,49
00-0032659,Roger Lewis,WR,23,2016,NYG,27,20
00-0032659,Roger Lewis,WR,24,2017,NYG,80,44
00-0039919,Rome Odunze,WR,22,2024,CHI,142,88
00-0037816,Romeo Doubs,WR,22,2022,GB,101,59
00-0037816,Romeo Doubs,WR,23,2023,GB,12,8
00-0037816,Romeo Doubs,WR,23,2023,GB,168,109
00-0037816,Romeo Doubs,WR,24,2024,GB,106,63
00-0036936,Rondale Moore,WR,21,2021,ARI,107,53
00-0036936,Rondale Moore,WR,22,2022,ARI,88,47
00-0036936,Rondale Moore,WR,23,2023,ARI,105,65
00-0038647,Ronnie Bell,WR,23,2023,SF,31,25
00-0038647,Ronnie Bell,WR,24,2024,SF,2,0
00-0029262,Rueben Randle,WR,21,2012,NYG,67,48
00-0029262,Rueben Randle,WR,22,2013,NYG,122,81
00-0029262,Rueben Randle,WR,23,2014,NYG,173,102
00-0029262,Rueben Randle,WR,24,2015,NYG,177,120
00-0034411,Russell Gage,WR,22,2018,ATL,12,6
00-0034411,Russell Gage,WR,23,2019,ATL,99,50
00-0034411,Russell Gage,WR,24,2020,ATL,181,109
00-0034411,Russell Gage,WR,25,2021,ATL,151,85
00-0034411,Russell Gage,WR,26,2022,TB,121,70
00-0029209,Ryan Broyles,WR,24,2012,DET,63,41
00-0029209,Ryan Broyles,WR,25,2013,DET,16,8
00-0029209,Ryan Broyles,WR,26,2014,DET,4,2
00-0039410,Ryan Flournoy,WR,25,2024,DAL,17,7
00-0031068,Ryan Grant,WR,24,2014,WAS,10,3
00-0031068,Ryan Grant,WR,25,2015,WAS,58,35
00-0031068,Ryan Grant,WR,26,2016,WAS,17,8
00-0031068,Ryan Grant,WR,27,2017,WAS,120,75
00-0031068,Ryan Grant,WR,28,2018,IND,72,37
00-0031068,Ryan Grant,WR,29,2019,LV,3,-1
00-0033562,Ryan Switzer,WR,23,2017,DAL,11,5
00-0033562,Ryan Switzer,WR,24,2018,PIT,69,33
00-0033562,Ryan Switzer,WR,25,2019,PIT,11,3
00-0032166,Sammie Coates,WR,22,2015,PIT,8,6
00-0032166,Sammie Coates,WR,22,2015,PIT,2,1
00-0032166,Sammie Coates,WR,23,2016,PIT,5,3
00-0032166,Sammie Coates,WR,23,2016,PIT,72,51
00-0032166,Sammie Coates,WR,24,2017,CLE,9,4
00-0032166,Sammie Coates,WR,25,2018,HOU,2,1
00-0031325,Sammy Watkins,WR,21,2014,BUF,189,124
00-0031325,Sammy Watkins,WR,22,2015,BUF,215,155
00-0031325,Sammy Watkins,WR,23,2016,BUF,70,45
00-0031325,Sammy Watkins,WR,24,2017,LA,3,2
00-0031325,Sammy Watkins,WR,24,2017,LA,144,105
00-0031325,Sammy Watkins,WR,25,2018,KC,24,14
00-0031325,Sammy Watkins,WR,25,2018,KC,115,75
00-0031325,Sammy Watkins,WR,26,2019,KC,50,36
00-0031325,Sammy Watkins,WR,26,2019,KC,136,84
00-0031325,Sammy Watkins,WR,27,2020,KC,2,1
00-0031325,Sammy Watkins,WR,27,2020,KC,86,49
00-0031325,Sammy Watkins,WR,28,2021,BAL,67,40
00-0031325,Sammy Watkins,WR,29,2022,BAL,7,5
00-0031325,Sammy Watkins,WR,29,2022,GB,27,17
00-0037098,Samori Toure,WR,24,2022,GB,19,14
00-0037098,Samori Toure,WR,25,2023,GB,14,6
00-0020494,Santana Moss,WR,33,2012,WAS,143,102
00-0020494,Santana Moss,WR,34,2013,WAS,93,51
00-0020494,Santana Moss,WR,35,2014,WAS,22,12
00-0024240,Santonio Holmes,WR,28,2012,NYJ,50,30
00-0024240,Santonio Holmes,WR,29,2013,NYJ,65,42
00-0024240,Santonio Holmes,WR,30,2014,CHI,13,5
00-0035298,Scott Miller,WR,22,2019,TB,41,28
00-0035298,Scott Miller,WR,23,2020,TB,15,12
00-0035298,Scott Miller,WR,23,2020,TB,98,66
00-0035298,Scott Miller,WR,24,2021,TB,8,4
00-0035298,Scott Miller,WR,24,2021,TB,17,12
00-0035298,Scott Miller,WR,25,2022,TB,42,19
00-0035298,Scott Miller,WR,26,2023,ATL,39,28
00-0035298,Scott Miller,WR,27,2024,PIT,12,7
00-0033573,Shelton Gibson,WR,22,2017,PHI,3,1
00-0033573,Shelton Gibson,WR,23,2018,PHI,6,5
00-0036572,Shi Smith,WR,23,2021,CAR,14,8
00-0036572,Shi Smith,WR,24,2022,CAR,55,33
00-0025431,Sidney Rice,WR,26,2012,SEA,10,6
00-0025431,Sidney Rice,WR,26,2012,SEA,164,114
00-0025431,Sidney Rice,WR,27,2013,SEA,51,36
00-0036646,Simi Fehoko,WR,25,2022,DAL,5,2
00-0036646,Simi Fehoko,WR,26,2023,LAC,8,7
00-0036646,Simi Fehoko,WR,27,2024,LAC,17,11
00-0038090,Skyy Moore,WR,22,2022,KC,13,8
00-0038090,Skyy Moore,WR,22,2022,KC,43,21
00-0038090,Skyy Moore,WR,23,2023,KC,48,27
00-0038090,Skyy Moore,WR,24,2024,KC,0,0
00-0033968,Stacy Coley,WR,23,2017,MIN,0,0
00-0033968,Stacy Coley,WR,24,2018,MIN,0,0
00-0035399,Stanley Morgan,WR,23,2019,CIN,2,1
00-0035399,Stanley Morgan,WR,25,2021,CIN,3,1
00-0035399,Stanley Morgan,WR,26,2022,CIN,0,0
00-0030532,Stedman Bailey,WR,23,2013,LA,49,32
00-0030532,Stedman Bailey,WR,24,2014,LA,81,51
00-0030532,Stedman Bailey,WR,25,2015,LA,36,24
00-0031588,Stefon Diggs,WR,22,2015,MIN,143,91
00-0031588,Stefon Diggs,WR,23,2016,MIN,191,107
00-0031588,Stefon Diggs,WR,24,2017,MIN,39,25
00-0031588,Stefon Diggs,WR,24,2017,MIN,190,130
00-0031588,Stefon Diggs,WR,25,2018,MIN,260,158
00-0031588,Stefon Diggs,WR,26,2019,MIN,14,12
00-0031588,Stefon Diggs,WR,26,2019,MIN,199,136
00-0031588,Stefon Diggs,WR,27,2020,BUF,38,24
00-0031588,Stefon Diggs,WR,27,2020,BUF,325,198
00-0031588,Stefon Diggs,WR,28,2021,BUF,4,1
00-0031588,Stefon Diggs,WR,28,2021,BUF,274,170
00-0031588,Stefon Diggs,WR,29,2022,BUF,8,4
00-0031588,Stefon Diggs,WR,29,2022,BUF,315,207
00-0031588,Stefon Diggs,WR,30,2023,BUF,6,3
00-0031588,Stefon Diggs,WR,30,2023,BUF,263,156
00-0031588,Stefon Diggs,WR,31,2024,HOU,120,73
00-0028995,Stephen Hill,WR,21,2012,NYJ,51,35
00-0028995,Stephen Hill,WR,22,2013,NYJ,51,27
00-0032385,Sterling Shepard,WR,23,2016,NYG,174,109
00-0032385,Sterling Shepard,WR,24,2017,NYG,144,86
00-0032385,Sterling Shepard,WR,25,2018,NYG,176,110
00-0032385,Sterling Shepard,WR,26,2019,NYG,132,75
00-0032385,Sterling Shepard,WR,27,2020,NYG,141,81
00-0032385,Sterling Shepard,WR,28,2021,NYG,70,34
00-0032385,Sterling Shepard,WR,29,2022,NYG,34,21
00-0032385,Sterling Shepard,WR,30,2023,NYG,20,10
00-0032385,Sterling Shepard,WR,31,2024,TB,54,29
00-0025529,Steve Breaston,WR,29,2012,KC,10,3
00-0026364,Steve Johnson,WR,26,2012,BUF,203,124
00-0026364,Steve Johnson,WR,27,2013,BUF,120,68
00-0026364,Steve Johnson,WR,28,2014,SF,92,58
00-0026364,Steve Johnson,WR,29,2015,LAC,109,64
00-0025438,Steve Smith,WR,27,2012,LA,25,11
00-0020337,Steve Smith,WR,34,2013,CAR,154,90
00-0020337,Steve Smith,WR,35,2014,BAL,28,20
00-0020337,Steve Smith,WR,35,2014,BAL,214,136
00-0020337,Steve Smith,WR,36,2015,BAL,125,79
00-0020337,Steve Smith,WR,37,2016,BAL,176,106
00-0034081,Steven Mitchell,WR,25,2019,HOU,6,4
00-0034081,Steven Mitchell,WR,26,2020,HOU,1,0
00-0034928,Steven Sims,WR,22,2019,WAS,102,68
00-0034928,Steven Sims,WR,23,2020,WAS,59,32
00-0034928,Steven Sims,WR,25,2022,PIT,31,17
00-0034928,Steven Sims,WR,27,2024,HOU,0,0
00-0031189,T.J. Jones,WR,23,2015,DET,27,17
00-0031189,T.J. Jones,WR,24,2016,DET,4,2
00-0031189,T.J. Jones,WR,25,2017,DET,76,46
00-0031189,T.J. Jones,WR,26,2018,DET,46,27
00-0029608,T.Y. Hilton,WR,23,2012,IND,175,125
00-0029608,T.Y. Hilton,WR,24,2013,IND,14,10
00-0029608,T.Y. Hilton,WR,24,2013,IND,217,135
00-0029608,T.Y. Hilton,WR,25,2014,IND,30,19
00-0029608,T.Y. Hilton,WR,25,2014,IND,252,170
00-0029608,T.Y. Hilton,WR,26,2015,IND,199,130
00-0029608,T.Y. Hilton,WR,27,2016,IND,262,171
00-0029608,T.Y. Hilton,WR,28,2017,IND,169,112
00-0029608,T.Y. Hilton,WR,29,2018,IND,16,12
00-0029608,T.Y. Hilton,WR,29,2018,IND,233,157
00-0029608,T.Y. Hilton,WR,30,2019,IND,123,78
00-0029608,T.Y. Hilton,WR,31,2020,IND,156,100
00-0029608,T.Y. Hilton,WR,32,2021,IND,58,42
00-0029608,T.Y. Hilton,WR,33,2022,DAL,2,2
00-0029608,T.Y. Hilton,WR,33,2022,DAL,13,7
00-0032778,Tajae Sharpe,WR,22,2016,TEN,103,62
00-0032778,Tajae Sharpe,WR,24,2018,TEN,65,39
00-0032778,Tajae Sharpe,WR,25,2019,TEN,0,0
00-0032778,Tajae Sharpe,WR,25,2019,TEN,80,55
00-0032778,Tajae Sharpe,WR,26,2020,MIN,0,0
00-0032778,Tajae Sharpe,WR,27,2021,ATL,48,23
00-0028061,Tandon Doss,WR,23,2012,BAL,0,0
00-0028061,Tandon Doss,WR,23,2012,BAL,25,18
00-0028061,Tandon Doss,WR,24,2013,BAL,46,26
00-0038977,Tank Dell,WR,24,2023,HOU,134,97
00-0038977,Tank Dell,WR,25,2024,HOU,134,83
00-0033633,Tanner Gentry,WR,23,2017,CHI,2,1
00-0032475,Tanner McEvoy,WR,23,2016,SEA,0,0
00-0032475,Tanner McEvoy,WR,23,2016,SEA,35,26
00-0032475,Tanner McEvoy,WR,24,2017,SEA,11,6
00-0030091,Tavarres King,WR,24,2014,TB,1,-1
00-0030091,Tavarres King,WR,26,2016,NYG,5,3
00-0030091,Tavarres King,WR,27,2017,NYG,59,42
00-0030525,Tavon Austin,WR,22,2013,LA,122,82
00-0030525,Tavon Austin,WR,23,2014,LA,86,55
00-0030525,Tavon Austin,WR,24,2015,LA,192,140
00-0030525,Tavon Austin,WR,25,2016,LA,136,78
00-0030525,Tavon Austin,WR,26,2017,LA,47,34
00-0030525,Tavon Austin,WR,27,2018,DAL,1,0
00-0030525,Tavon Austin,WR,27,2018,DAL,38,30
00-0030525,Tavon Austin,WR,28,2019,DAL,45,32
00-0030525,Tavon Austin,WR,29,2020,GB,7,2
00-0030525,Tavon Austin,WR,30,2021,JAX,35,17
00-0033911,Taywan Taylor,WR,22,2017,TEN,2,0
00-0033911,Taywan Taylor,WR,22,2017,TEN,47,31
00-0033911,Taywan Taylor,WR,23,2018,TEN,85,48
00-0025396,Ted Ginn,WR,27,2012,SF,1,0
00-0025396,Ted Ginn,WR,27,2012,SF,3,1
00-0025396,Ted Ginn,WR,28,2013,CAR,14,10
00-0025396,Ted Ginn,WR,28,2013,CAR,120,84
00-0025396,Ted Ginn,WR,29,2014,ARI,0,0
00-0025396,Ted Ginn,WR,29,2014,ARI,34,20
00-0025396,Ted Ginn,WR,30,2015,CAR,26,20
00-0025396,Ted Ginn,WR,30,2015,CAR,174,130
00-0025396,Ted Ginn,WR,31,2016,CAR,153,99
00-0025396,Ted Ginn,WR,32,2017,NO,14,6
00-0025396,Ted Ginn,WR,32,2017,NO,158,105
00-0025396,Ted Ginn,WR,33,2018,NO,14,8
00-0025396,Ted Ginn,WR,33,2018,NO,37,25
00-0025396,Ted Ginn,WR,34,2019,NO,84,54
00-0025396,Ted Ginn,WR,35,2020,CHI,7,4
00-0036410,Tee Higgins,WR,21,2020,CIN,192,125
00-0036410,Tee Higgins,WR,22,2021,CIN,59,42
00-0036410,Tee Higgins,WR,22,2021,CIN,204,135
00-0036410,Tee Higgins,WR,23,2022,CIN,22,13
00-0036410,Tee Higgins,WR,23,2022,CIN,217,143
00-0036410,Tee Higgins,WR,24,2023,CIN,73,45
00-0036410,Tee Higgins,WR,25,2024,CIN,219,146
00-0036955,Terrace Marshall,WR,21,2021,CAR,27,10
00-0036955,Terrace Marshall,WR,22,2022,CAR,83,55
00-0036955,Terrace Marshall,WR,23,2023,CAR,31,12
00-0036955,Terrace Marshall,WR,24,2024,LV,7,4
00-0030542,Terrance Williams,WR,24,2013,DAL,141,97
00-0030542,Terrance Williams,WR,25,2014,DAL,35,31
00-0030542,Terrance Williams,WR,25,2014,DAL,143,106
00-0030542,Terrance Williams,WR,26,2015,DAL,146,94
00-0030542,Terrance Williams,WR,27,2016,DAL,11,7
00-0030542,Terrance Williams,WR,27,2016,DAL,124,80
00-0030542,Terrance Williams,WR,28,2017,DAL,105,52
00-0030542,Terrance Williams,WR,29,2018,DAL,4,2
00-0035659,Terry McLaurin,WR,24,2019,WAS,190,132
00-0035659,Terry McLaurin,WR,25,2020,WAS,217,130
00-0035659,Terry McLaurin,WR,26,2021,WAS,206,128
00-0035659,Terry McLaurin,WR,27,2022,WAS,225,148
00-0035659,Terry McLaurin,WR,28,2023,WAS,195,116
00-0035659,Terry McLaurin,WR,29,2024,WAS,31,24
00-0035659,Terry McLaurin,WR,29,2024,WAS,265,183
00-0033375,Tim Patrick,WR,25,2018,DEN,57,34
00-0033375,Tim Patrick,WR,26,2019,DEN,23,12
00-0033375,Tim Patrick,WR,27,2020,DEN,155,104
00-0033375,Tim Patrick,WR,28,2021,DEN,137,90
00-0033375,Tim Patrick,WR,31,2024,DET,-1,-2
00-0033375,Tim Patrick,WR,31,2024,DET,59,38
00-0027982,Titus Young,WR,23,2012,DET,93,60
00-0035544,Tom Kennedy,WR,25,2021,DET,18,12
00-0035544,Tom Kennedy,WR,26,2022,DET,12,7
00-0035544,Tom Kennedy,WR,28,2024,DET,0,0
00-0032881,Tommylee Lewis,WR,24,2016,NO,16,9
00-0032881,Tommylee Lewis,WR,25,2017,NO,29,19
00-0032881,Tommylee Lewis,WR,26,2018,NO,0,0
00-0032881,Tommylee Lewis,WR,26,2018,NO,3,1
00-0032881,Tommylee Lewis,WR,29,2021,MIA,2,1
00-0027996,Torrey Smith,WR,23,2012,BAL,41,32
00-0027996,Torrey Smith,WR,23,2012,BAL,158,115
00-0027996,Torrey Smith,WR,24,2013,BAL,196,131
00-0027996,Torrey Smith,WR,25,2014,BAL,16,11
00-0027996,Torrey Smith,WR,25,2014,BAL,180,131
00-0027996,Torrey Smith,WR,26,2015,SF,121,88
00-0027996,Torrey Smith,WR,27,2016,SF,59,39
00-0027996,Torrey Smith,WR,28,2017,PHI,35,22
00-0027996,Torrey Smith,WR,28,2017,PHI,89,53
00-0027996,Torrey Smith,WR,29,2018,CAR,48,31
00-0029269,Travis Benjamin,WR,23,2012,CLE,53,35
00-0029269,Travis Benjamin,WR,24,2013,CLE,18,13
00-0029269,Travis Benjamin,WR,25,2014,CLE,64,46
00-0029269,Travis Benjamin,WR,26,2015,CLE,187,119
00-0029269,Travis Benjamin,WR,27,2016,LAC,128,81
00-0029269,Travis Benjamin,WR,28,2017,LAC,116,82
00-0029269,Travis Benjamin,WR,29,2018,LAC,0,0
00-0029269,Travis Benjamin,WR,29,2018,LAC,34,23
00-0029269,Travis Benjamin,WR,30,2019,LAC,9,3
00-0029269,Travis Benjamin,WR,32,2021,SF,0,0
00-0029269,Travis Benjamin,WR,32,2021,SF,-2,-2
00-0035592,Travis Fulgham,WR,24,2019,DET,0,0
00-0035592,Travis Fulgham,WR,25,2020,PHI,69,43
00-0033717,Travis Rudolph,WR,22,2017,NYG,16,8
00-0032123,Tre McBride,WR,23,2015,TEN,10,8
00-0032123,Tre McBride,WR,25,2017,CHI,16,9
00-0038563,Tre Tucker,WR,22,2023,LV,68,49
00-0038563,Tre Tucker,WR,23,2024,LV,127,80
00-0034765,Tre'Quan Smith,WR,22,2018,NO,3,1
00-0034765,Tre'Quan Smith,WR,22,2018,NO,101,73
00-0034765,Tre'Quan Smith,WR,23,2019,NO,69,51
00-0034765,Tre'Quan Smith,WR,24,2020,NO,103,69
00-0034765,Tre'Quan Smith,WR,25,2021,NO,71,43
00-0034765,Tre'Quan Smith,WR,26,2022,NO,49,30
00-0034487,Trent Sherfield,WR,22,2018,ARI,42,23
00-0034487,Trent Sherfield,WR,23,2019,ARI,10,6
00-0034487,Trent Sherfield,WR,24,2020,ARI,8,3
00-0034487,Trent Sherfield,WR,25,2021,SF,22,13
00-0034487,Trent Sherfield,WR,26,2022,MIA,80,50
00-0034487,Trent Sherfield,WR,27,2023,BUF,2,1
00-0034487,Trent Sherfield,WR,27,2023,BUF,24,13
00-0034487,Trent Sherfield,WR,28,2024,MIN,20,12
00-0033292,Trent Taylor,WR,23,2017,SF,92,49
00-0033292,Trent Taylor,WR,24,2018,SF,50,23
00-0033292,Trent Taylor,WR,26,2020,SF,17,7
00-0033292,Trent Taylor,WR,28,2022,CIN,14,8
00-0033292,Trent Taylor,WR,29,2023,CHI,0,0
00-0035341,Trenton Irwin,WR,26,2021,CIN,4,2
00-0035341,Trenton Irwin,WR,27,2022,CIN,4,2
00-0035341,Trenton Irwin,WR,27,2022,CIN,2,1
00-0035341,Trenton Irwin,WR,28,2023,CIN,61,36
00-0035341,Trenton Irwin,WR,29,2024,CIN,4,2
00-0032423,Trevor Davis,WR,23,2016,GB,11,8
00-0032423,Trevor Davis,WR,24,2017,GB,13,8
00-0032423,Trevor Davis,WR,26,2019,GB,4,3
00-0032423,Trevor Davis,WR,26,2019,LV,12,5
00-0029660,Trevor Graham,WR,23,2012,BUF,64,33
00-0029660,Trevor Graham,WR,24,2013,BUF,64,40
00-0029660,Trevor Graham,WR,25,2014,NYJ,18,15
00-0029660,Trevor Graham,WR,26,2015,NO,2,0
00-0039052,Trey Palmer,WR,22,2023,TB,5,3
00-0039052,Trey Palmer,WR,22,2023,TB,93,54
00-0039052,Trey Palmer,WR,23,2024,TB,35,23
00-0034339,Trey Quinn,WR,23,2018,WAS,12,7
00-0034339,Trey Quinn,WR,24,2019,WAS,45,19
00-0037742,Treylon Burks,WR,22,2022,TEN,61,38
00-0037742,Treylon Burks,WR,23,2023,TEN,40,24
00-0037742,Treylon Burks,WR,24,2024,TEN,6,2
00-0034930,Trinity Benson,WR,24,2021,DET,12,4
00-0039868,Troy Franklin,WR,21,2024,DEN,65,37
00-0036849,Tutu Atwell,WR,23,2022,LA,44,29
00-0036849,Tutu Atwell,WR,24,2023,LA,104,65
00-0036849,Tutu Atwell,WR,25,2024,LA,3,2
00-0036849,Tutu Atwell,WR,25,2024,LA,95,53
00-0032200,Ty Montgomery,WR,22,2015,GB,42,27
00-0032200,Ty Montgomery,WR,23,2016,GB,29,22
00-0032200,Ty Montgomery,WR,23,2016,GB,138,94
00-0032200,Ty Montgomery,WR,24,2017,GB,92,69
00-0032200,Ty Montgomery,WR,25,2018,BAL,4,2
00-0032200,Ty Montgomery,WR,25,2018,GB,46,32
00-0032200,Ty Montgomery,WR,26,2019,NYJ,30,17
00-0032200,Ty Montgomery,WR,27,2020,NO,4,3
00-0032200,Ty Montgomery,WR,27,2020,NO,16,13
00-0032200,Ty Montgomery,WR,28,2021,NO,30,14
00-0032200,Ty Montgomery,WR,29,2022,NE,10,7
00-0032200,Ty Montgomery,WR,30,2023,NE,4,1
00-0036630,Tylan Wallace,WR,22,2021,BAL,4,2
00-0036630,Tylan Wallace,WR,23,2022,BAL,5,2
00-0036630,Tylan Wallace,WR,24,2023,BAL,2,1
00-0036630,Tylan Wallace,WR,25,2024,BAL,4,3
00-0036630,Tylan Wallace,WR,25,2024,BAL,36,25
00-0033009,Tyler Boyd,WR,22,2016,CIN,117,63
00-0033009,Tyler Boyd,WR,23,2017,CIN,54,32
00-0033009,Tyler Boyd,WR,24,2018,CIN,221,145
00-0033009,Tyler Boyd,WR,25,2019,CIN,209,119
00-0033009,Tyler Boyd,WR,26,2020,CIN,182,104
00-0033009,Tyler Boyd,WR,27,2021,CIN,19,8
00-0033009,Tyler Boyd,WR,27,2021,CIN,176,109
00-0033009,Tyler Boyd,WR,28,2022,CIN,9,6
00-0033009,Tyler Boyd,WR,28,2022,CIN,155,97
00-0033009,Tyler Boyd,WR,29,2023,CIN,137,70
00-0033009,Tyler Boyd,WR,30,2024,TEN,72,33
00-0036427,Tyler Johnson,WR,22,2020,TB,5,3
00-0036427,Tyler Johnson,WR,22,2020,TB,41,29
00-0036427,Tyler Johnson,WR,23,2021,TB,4,2
00-0036427,Tyler Johnson,WR,23,2021,TB,72,36
00-0036427,Tyler Johnson,WR,26,2024,LA,46,24
00-0032211,Tyler Lockett,WR,23,2015,SEA,16,14
00-0032211,Tyler Lockett,WR,23,2015,SEA,153,102
00-0032211,Tyler Lockett,WR,24,2016,SEA,122,81
00-0032211,Tyler Lockett,WR,25,2017,SEA,116,71
00-0032211,Tyler Lockett,WR,26,2018,SEA,220,163
00-0032211,Tyler Lockett,WR,27,2019,SEA,29,20
00-0032211,Tyler Lockett,WR,27,2019,SEA,233,151
00-0032211,Tyler Lockett,WR,28,2020,SEA,263,163
00-0032211,Tyler Lockett,WR,29,2021,SEA,227,157
00-0032211,Tyler Lockett,WR,30,2022,SEA,228,144
00-0032211,Tyler Lockett,WR,31,2023,SEA,190,111
00-0032211,Tyler Lockett,WR,32,2024,SEA,113,64
00-0038941,Tyler Scott,WR,22,2023,CHI,33,16
00-0038941,Tyler Scott,WR,23,2024,CHI,2,0
00-0038104,Tyquan Thornton,WR,22,2022,NE,37,22
00-0038104,Tyquan Thornton,WR,23,2023,NE,24,13
00-0038104,Tyquan Thornton,WR,24,2024,NE,7,3
00-0033040,Tyreek Hill,WR,22,2016,KC,8,4
00-0033040,Tyreek Hill,WR,22,2016,KC,198,137
00-0033040,Tyreek Hill,WR,23,2017,KC,237,162
00-0033040,Tyreek Hill,WR,24,2018,KC,30,21
00-0033040,Tyreek Hill,WR,24,2018,KC,316,229
00-0033040,Tyreek Hill,WR,25,2019,KC,47,30
00-0033040,Tyreek Hill,WR,25,2019,KC,184,126
00-0033040,Tyreek Hill,WR,26,2020,KC,59,35
00-0033040,Tyreek Hill,WR,26,2020,KC,327,240
00-0033040,Tyreek Hill,WR,27,2021,KC,51,33
00-0033040,Tyreek Hill,WR,27,2021,KC,290,178
00-0033040,Tyreek Hill,WR,28,2022,MIA,329,210
00-0033040,Tyreek Hill,WR,29,2023,MIA,365,246
00-0033040,Tyreek Hill,WR,30,2024,MIA,212,131
00-0032160,Tyrell Williams,WR,23,2015,LAC,15,13
00-0032160,Tyrell Williams,WR,24,2016,LAC,199,130
00-0032160,Tyrell Williams,WR,25,2017,LAC,133,90
00-0032160,Tyrell Williams,WR,26,2018,LAC,14,9
00-0032160,Tyrell Williams,WR,26,2018,LAC,128,87
00-0032160,Tyrell Williams,WR,27,2019,LV,137,95
00-0032160,Tyrell Williams,WR,29,2021,DET,3,1
00-0036439,Tyrie Cleveland,WR,23,2020,DEN,12,6
00-0036439,Tyrie Cleveland,WR,25,2022,DEN,3,1
00-0035457,Tyron Johnson,WR,24,2020,LAC,66,48
00-0035457,Tyron Johnson,WR,25,2021,JAX,2,0
00-0035457,Tyron Johnson,WR,26,2022,HOU,2,1
00-0036415,Van Jefferson,WR,24,2020,LA,17,11
00-0036415,Van Jefferson,WR,24,2020,LA,43,24
00-0036415,Van Jefferson,WR,25,2021,LA,14,6
00-0036415,Van Jefferson,WR,25,2021,LA,166,116
00-0036415,Van Jefferson,WR,26,2022,LA,73,49
00-0036415,Van Jefferson,WR,27,2023,ATL,20,8
00-0036415,Van Jefferson,WR,27,2023,ATL,-2,-2
00-0036415,Van Jefferson,WR,27,2023,LA,15,7
00-0036415,Van Jefferson,WR,28,2024,PIT,64,40
00-0037745,Velus Jones,WR,25,2022,CHI,37,30
00-0037745,Velus Jones,WR,26,2023,CHI,11,7
00-0035548,Ventell Bryant,WR,23,2019,DAL,8,8
00-0028020,Vincent Brown,WR,24,2013,LAC,0,0
00-0028020,Vincent Brown,WR,24,2013,LAC,88,47
00-0028020,Vincent Brown,WR,25,2014,LV,15,5
00-0023496,Vincent Jackson,WR,29,2012,TB,248,176
00-0023496,Vincent Jackson,WR,30,2013,TB,222,144
00-0023496,Vincent Jackson,WR,31,2014,TB,167,97
00-0023496,Vincent Jackson,WR,32,2015,TB,101,68
00-0023496,Vincent Jackson,WR,33,2016,TB,28,13
00-0034631,Vyncint Smith,WR,22,2018,HOU,8,4
00-0034631,Vyncint Smith,WR,23,2019,NYJ,47,30
00-0034631,Vyncint Smith,WR,24,2020,NYJ,2,1
00-0038117,Wan'Dale Robinson,WR,21,2022,NYG,50,28
00-0038117,Wan'Dale Robinson,WR,22,2023,NYG,133,73
00-0038117,Wan'Dale Robinson,WR,23,2024,NYG,179,86
00-0032739,Wendall Williams,WR,26,2016,HOU,6,4
00-0033127,Will Fuller,WR,22,2016,HOU,5,2
00-0033127,Will Fuller,WR,22,2016,HOU,117,71
00-0033127,Will Fuller,WR,23,2017,HOU,107,79
00-0033127,Will Fuller,WR,24,2018,HOU,106,74
00-0033127,Will Fuller,WR,25,2019,HOU,14,9
00-0033127,Will Fuller,WR,25,2019,HOU,128,79
00-0033127,Will Fuller,WR,26,2020,HOU,185,132
00-0030663,Willie Snead,WR,23,2015,NO,180,111
00-0030663,Willie Snead,WR,24,2016,NO,188,116
00-0030663,Willie Snead,WR,25,2017,NO,6,2
00-0030663,Willie Snead,WR,25,2017,NO,17,9
00-0030663,Willie Snead,WR,26,2018,BAL,128,66
00-0030663,Willie Snead,WR,27,2019,BAL,12,6
00-0030663,Willie Snead,WR,27,2019,BAL,89,58
00-0030663,Willie Snead,WR,28,2020,BAL,8,2
00-0030663,Willie Snead,WR,28,2020,BAL,86,56
00-0030663,Willie Snead,WR,29,2021,LV,4,1
00-0038496,Xavier Gipson,WR,22,2023,NYJ,55,34
00-0038496,Xavier Gipson,WR,23,2024,NYJ,16,10
00-0038618,Xavier Hutchinson,WR,23,2023,HOU,2,0
00-0038618,Xavier Hutchinson,WR,23,2023,HOU,22,14
00-0038618,Xavier Hutchinson,WR,24,2024,HOU,9,5
00-0038618,Xavier Hutchinson,WR,24,2024,HOU,22,10
00-0039342,Xavier Legette,WR,23,2024,CAR,123,74
00-0039894,Xavier Worthy,WR,21,2024,KC,66,48
00-0039894,Xavier Worthy,WR,21,2024,KC,183,124
00-0033251,Zach Pascal,WR,24,2018,IND,2,1
00-0033251,Zach Pascal,WR,24,2018,IND,63,36
00-0033251,Zach Pascal,WR,25,2019,IND,125,84
00-0033251,Zach Pascal,WR,26,2020,IND,133,89
00-0033251,Zach Pascal,WR,27,2021,IND,88,52
00-0033251,Zach Pascal,WR,28,2022,PHI,4,2
00-0033251,Zach Pascal,WR,28,2022,PHI,34,19
00-0033251,Zach Pascal,WR,29,2023,ARI,2,-2
00-0039064,Zay Flowers,WR,23,2023,BAL,28,19
00-0039064,Zay Flowers,WR,23,2023,BAL,202,125
00-0039064,Zay Flowers,WR,24,2024,BAL,210,136
00-0033891,Zay Jones,WR,22,2017,BUF,69,42
00-0033891,Zay Jones,WR,23,2018,BUF,159,103
00-0033891,Zay Jones,WR,24,2019,BUF,8,1
00-0033891,Zay Jones,WR,24,2019,LV,35,15
00-0033891,Zay Jones,WR,25,2020,LV,35,21
00-0033891,Zay Jones,WR,26,2021,LV,95,48
00-0033891,Zay Jones,WR,27,2022,JAX,11,6
00-0033891,Zay Jones,WR,27,2022,JAX,193,111
00-0033891,Zay Jones,WR,28,2023,JAX,28,20
00-0033891,Zay Jones,WR,29,2024,ARI,14,6
